gene;ont
PTPRC;MILO_Tcells_Cluster_1
BTG1;MILO_Tcells_Cluster_1
GZMK;MILO_Tcells_Cluster_1
CCL5;MILO_Tcells_Cluster_1
HLA-A;MILO_Tcells_Cluster_1
UBC;MILO_Tcells_Cluster_1
TNFAIP3;MILO_Tcells_Cluster_1
NABP1;MILO_Tcells_Cluster_1
ARID1B;MILO_Tcells_Cluster_1
SRSF7;MILO_Tcells_Cluster_1
ASH1L;MILO_Tcells_Cluster_1
DUSP4;MILO_Tcells_Cluster_1
CD44;MILO_Tcells_Cluster_1
EVL;MILO_Tcells_Cluster_1
DNAJB1;MILO_Tcells_Cluster_1
PRPF4B;MILO_Tcells_Cluster_1
KANSL1;MILO_Tcells_Cluster_1
GOLGB1;MILO_Tcells_Cluster_1
CHD4;MILO_Tcells_Cluster_1
CXCR4;MILO_Tcells_Cluster_1
IL32;MILO_Tcells_Cluster_1
TUT4;MILO_Tcells_Cluster_1
RNF19A;MILO_Tcells_Cluster_1
SRSF10;MILO_Tcells_Cluster_1
HSP90AA1;MILO_Tcells_Cluster_1
CYTH1;MILO_Tcells_Cluster_1
BRD2;MILO_Tcells_Cluster_1
BDP1;MILO_Tcells_Cluster_1
PRDM2;MILO_Tcells_Cluster_1
ZNF292;MILO_Tcells_Cluster_1
SAMSN1;MILO_Tcells_Cluster_1
AC245297.3;MILO_Tcells_Cluster_1
OGA;MILO_Tcells_Cluster_1
AKAP9;MILO_Tcells_Cluster_1
CEBPZ;MILO_Tcells_Cluster_1
USP15;MILO_Tcells_Cluster_1
TRIM22;MILO_Tcells_Cluster_1
DHX36;MILO_Tcells_Cluster_1
PRDM1;MILO_Tcells_Cluster_1
SMARCA2;MILO_Tcells_Cluster_1
TSC22D3;MILO_Tcells_Cluster_1
DYNC1H1;MILO_Tcells_Cluster_1
MACF1;MILO_Tcells_Cluster_1
SMCHD1;MILO_Tcells_Cluster_1
JMJD1C;MILO_Tcells_Cluster_1
BTG3;MILO_Tcells_Cluster_1
CHORDC1;MILO_Tcells_Cluster_1
TUBA4A;MILO_Tcells_Cluster_1
VIM;MILO_Tcells_Cluster_1
SETD2;MILO_Tcells_Cluster_1
PTGER4;MILO_Tcells_Cluster_1
TUBA1A;MILO_Tcells_Cluster_1
STAT3;MILO_Tcells_Cluster_1
YTHDC1;MILO_Tcells_Cluster_1
HEXIM1;MILO_Tcells_Cluster_1
BCLAF1;MILO_Tcells_Cluster_1
BCL2;MILO_Tcells_Cluster_1
IDS;MILO_Tcells_Cluster_1
TCF25;MILO_Tcells_Cluster_1
PPP1CB;MILO_Tcells_Cluster_1
CD69;MILO_Tcells_Cluster_1
SF1;MILO_Tcells_Cluster_1
VAMP2;MILO_Tcells_Cluster_1
SYNE2;MILO_Tcells_Cluster_1
ZFP36L2;MILO_Tcells_Cluster_1
CEMIP2;MILO_Tcells_Cluster_1
CD2;MILO_Tcells_Cluster_1
SMG1;MILO_Tcells_Cluster_1
ATP5IF1;MILO_Tcells_Cluster_1
CHD1;MILO_Tcells_Cluster_1
EMB;MILO_Tcells_Cluster_1
MYH9;MILO_Tcells_Cluster_1
EML4;MILO_Tcells_Cluster_1
KIAA1551;MILO_Tcells_Cluster_1
GPRIN3;MILO_Tcells_Cluster_1
CST7;MILO_Tcells_Cluster_1
ARID4B;MILO_Tcells_Cluster_1
BAZ1A;MILO_Tcells_Cluster_1
HSP90AB1;MILO_Tcells_Cluster_1
H2AFZ;MILO_Tcells_Cluster_1
IL7R;MILO_Tcells_Cluster_1
SFPQ;MILO_Tcells_Cluster_1
ANXA1;MILO_Tcells_Cluster_1
FYN;MILO_Tcells_Cluster_1
UTRN;MILO_Tcells_Cluster_1
TAF1D;MILO_Tcells_Cluster_1
CD3D;MILO_Tcells_Cluster_1
PIK3IP1;MILO_Tcells_Cluster_1
TOB1;MILO_Tcells_Cluster_1
CDKN1B;MILO_Tcells_Cluster_1
RAB8B;MILO_Tcells_Cluster_1
SLA;MILO_Tcells_Cluster_1
CNOT6L;MILO_Tcells_Cluster_1
CCNH;MILO_Tcells_Cluster_1
PDE4B;MILO_Tcells_Cluster_1
GSTK1;MILO_Tcells_Cluster_1
AC016831.5;MILO_Tcells_Cluster_1
LINC01871;MILO_Tcells_Cluster_1
ARL4C;MILO_Tcells_Cluster_1
PCSK7;MILO_Tcells_Cluster_1
RUNX3;MILO_Tcells_Cluster_1
PTGES3;MILO_Tcells_Cluster_1
JAK1;MILO_Tcells_Cluster_1
RPS12;MILO_Tcells_Cluster_2
RPS8;MILO_Tcells_Cluster_2
RPS18;MILO_Tcells_Cluster_2
RPL13;MILO_Tcells_Cluster_2
RPL32;MILO_Tcells_Cluster_2
RPS3A;MILO_Tcells_Cluster_2
RPS27A;MILO_Tcells_Cluster_2
RPL34;MILO_Tcells_Cluster_2
RPS23;MILO_Tcells_Cluster_2
RPL10;MILO_Tcells_Cluster_2
RPS13;MILO_Tcells_Cluster_2
RPS2;MILO_Tcells_Cluster_2
RPS14;MILO_Tcells_Cluster_2
RPL30;MILO_Tcells_Cluster_2
RPL39;MILO_Tcells_Cluster_2
RPL11;MILO_Tcells_Cluster_2
RPS28;MILO_Tcells_Cluster_2
RPL21;MILO_Tcells_Cluster_2
RPL18;MILO_Tcells_Cluster_2
RPLP1;MILO_Tcells_Cluster_2
RPS6;MILO_Tcells_Cluster_2
RPS15A;MILO_Tcells_Cluster_2
RPL19;MILO_Tcells_Cluster_2
RPL41;MILO_Tcells_Cluster_2
RPS25;MILO_Tcells_Cluster_2
RPL29;MILO_Tcells_Cluster_2
RPS27;MILO_Tcells_Cluster_2
RPL8;MILO_Tcells_Cluster_2
RPS26;MILO_Tcells_Cluster_2
RPS16;MILO_Tcells_Cluster_2
RPS9;MILO_Tcells_Cluster_2
RPS4X;MILO_Tcells_Cluster_2
RPS5;MILO_Tcells_Cluster_2
RPS15;MILO_Tcells_Cluster_2
RPS3;MILO_Tcells_Cluster_2
RPL18A;MILO_Tcells_Cluster_2
RPL9;MILO_Tcells_Cluster_2
RPL3;MILO_Tcells_Cluster_2
RPL26;MILO_Tcells_Cluster_2
RPL36;MILO_Tcells_Cluster_2
EEF1A1;MILO_Tcells_Cluster_2
RPL5;MILO_Tcells_Cluster_2
RPL22;MILO_Tcells_Cluster_2
RPL28;MILO_Tcells_Cluster_2
RPLP2;MILO_Tcells_Cluster_2
RPL37;MILO_Tcells_Cluster_2
RPL12;MILO_Tcells_Cluster_2
TPT1;MILO_Tcells_Cluster_2
RPS19;MILO_Tcells_Cluster_2
RPSA;MILO_Tcells_Cluster_2
EEF1B2;MILO_Tcells_Cluster_2
RPL35A;MILO_Tcells_Cluster_2
RPL13A;MILO_Tcells_Cluster_2
UBA52;MILO_Tcells_Cluster_2
RPL10A;MILO_Tcells_Cluster_2
RPS11;MILO_Tcells_Cluster_2
RPS7;MILO_Tcells_Cluster_2
RPS21;MILO_Tcells_Cluster_2
RPL27A;MILO_Tcells_Cluster_2
RPL14;MILO_Tcells_Cluster_2
RPS10;MILO_Tcells_Cluster_2
RPL15;MILO_Tcells_Cluster_2
RPLP0;MILO_Tcells_Cluster_2
RPS4Y1;MILO_Tcells_Cluster_2
RPL6;MILO_Tcells_Cluster_2
RPL7A;MILO_Tcells_Cluster_2
RPL7;MILO_Tcells_Cluster_2
RACK1;MILO_Tcells_Cluster_2
RPL23A;MILO_Tcells_Cluster_2
FAU;MILO_Tcells_Cluster_2
RPL37A;MILO_Tcells_Cluster_2
NACA;MILO_Tcells_Cluster_2
RPL24;MILO_Tcells_Cluster_2
SOCS3;MILO_Tcells_Cluster_2
RPL27;MILO_Tcells_Cluster_2
IL7R1;MILO_Tcells_Cluster_2
RPS20;MILO_Tcells_Cluster_2
RPL31;MILO_Tcells_Cluster_2
FTH1;MILO_Tcells_Cluster_2
RPL23;MILO_Tcells_Cluster_2
PFDN5;MILO_Tcells_Cluster_2
RPL4;MILO_Tcells_Cluster_2
EEF1D;MILO_Tcells_Cluster_2
ZFAS1;MILO_Tcells_Cluster_2
RPL36A;MILO_Tcells_Cluster_2
VIM1;MILO_Tcells_Cluster_2
SARAF;MILO_Tcells_Cluster_2
COX7C;MILO_Tcells_Cluster_2
FXYD5;MILO_Tcells_Cluster_2
TOMM7;MILO_Tcells_Cluster_2
BTF3;MILO_Tcells_Cluster_2
RPL38;MILO_Tcells_Cluster_2
HINT1;MILO_Tcells_Cluster_2
MIF;MILO_Tcells_Cluster_2
LTB;MILO_Tcells_Cluster_2
AREG;MILO_Tcells_Cluster_2
COX4I1;MILO_Tcells_Cluster_2
RPS17;MILO_Tcells_Cluster_2
EIF3E;MILO_Tcells_Cluster_2
SMDT1;MILO_Tcells_Cluster_2
LDHB;MILO_Tcells_Cluster_2
KLRB1;MILO_Tcells_Cluster_2
FTL;MILO_Tcells_Cluster_2
P2RY12;MILO_Tcells_Cluster_3
XIST;MILO_Tcells_Cluster_3
C3;MILO_Tcells_Cluster_3
OLFML3;MILO_Tcells_Cluster_3
BASP1;MILO_Tcells_Cluster_3
GLDN;MILO_Tcells_Cluster_3
SOCS6;MILO_Tcells_Cluster_3
MRC2;MILO_Tcells_Cluster_3
BHLHE41;MILO_Tcells_Cluster_3
CEBPD;MILO_Tcells_Cluster_3
HTRA1;MILO_Tcells_Cluster_3
CYBB;MILO_Tcells_Cluster_3
PADI2;MILO_Tcells_Cluster_3
MARCKS;MILO_Tcells_Cluster_3
YWHAH;MILO_Tcells_Cluster_3
OLR1;MILO_Tcells_Cluster_3
A2M;MILO_Tcells_Cluster_3
CX3CR1;MILO_Tcells_Cluster_3
EPB41L2;MILO_Tcells_Cluster_3
MEF2C;MILO_Tcells_Cluster_3
GNB4;MILO_Tcells_Cluster_3
LILRB4;MILO_Tcells_Cluster_3
FGL2;MILO_Tcells_Cluster_3
HLA-DRB5;MILO_Tcells_Cluster_3
CYFIP1;MILO_Tcells_Cluster_3
SHTN1;MILO_Tcells_Cluster_3
FCGRT;MILO_Tcells_Cluster_3
GSN;MILO_Tcells_Cluster_3
PABPC4;MILO_Tcells_Cluster_3
C1QA;MILO_Tcells_Cluster_3
DPYSL2;MILO_Tcells_Cluster_3
ST6GAL1;MILO_Tcells_Cluster_3
AP1B1;MILO_Tcells_Cluster_3
CCND1;MILO_Tcells_Cluster_3
ADAM28;MILO_Tcells_Cluster_3
PLXDC2;MILO_Tcells_Cluster_3
APOC1;MILO_Tcells_Cluster_3
APOE;MILO_Tcells_Cluster_3
C1QC;MILO_Tcells_Cluster_3
SLCO2B1;MILO_Tcells_Cluster_3
IL13RA1;MILO_Tcells_Cluster_3
VASH1;MILO_Tcells_Cluster_3
DOCK4;MILO_Tcells_Cluster_3
CSF1R;MILO_Tcells_Cluster_3
TREM2;MILO_Tcells_Cluster_3
ZFHX3;MILO_Tcells_Cluster_3
TMIGD3;MILO_Tcells_Cluster_3
C1QB;MILO_Tcells_Cluster_3
GABARAP;MILO_Tcells_Cluster_3
LPCAT2;MILO_Tcells_Cluster_3
FSCN1;MILO_Tcells_Cluster_3
LY86;MILO_Tcells_Cluster_3
SGK1;MILO_Tcells_Cluster_3
HLA-DMB;MILO_Tcells_Cluster_3
IGSF6;MILO_Tcells_Cluster_3
MEF2A;MILO_Tcells_Cluster_3
FPR1;MILO_Tcells_Cluster_3
LIPA;MILO_Tcells_Cluster_3
GPR34;MILO_Tcells_Cluster_3
RAC1;MILO_Tcells_Cluster_3
LINC01736;MILO_Tcells_Cluster_3
TGFBR1;MILO_Tcells_Cluster_3
MTRNR2L8;MILO_Tcells_Cluster_3
MS4A6A;MILO_Tcells_Cluster_3
MS4A7;MILO_Tcells_Cluster_3
ENTPD1;MILO_Tcells_Cluster_3
FCER1G;MILO_Tcells_Cluster_3
LGMN;MILO_Tcells_Cluster_3
PTAFR;MILO_Tcells_Cluster_3
LAT2;MILO_Tcells_Cluster_3
ABCA1;MILO_Tcells_Cluster_3
CSF2RA;MILO_Tcells_Cluster_3
CLEC7A;MILO_Tcells_Cluster_3
ADGRG1;MILO_Tcells_Cluster_3
OGFRL1;MILO_Tcells_Cluster_3
BRI3;MILO_Tcells_Cluster_3
SERPINA1;MILO_Tcells_Cluster_3
LRP1;MILO_Tcells_Cluster_3
HBEGF;MILO_Tcells_Cluster_3
PDXK;MILO_Tcells_Cluster_3
CPVL;MILO_Tcells_Cluster_3
SLC1A3;MILO_Tcells_Cluster_3
FCGR1A;MILO_Tcells_Cluster_3
RNASET2;MILO_Tcells_Cluster_3
CTSB;MILO_Tcells_Cluster_3
PPT1;MILO_Tcells_Cluster_3
FCGR2A;MILO_Tcells_Cluster_3
GRN;MILO_Tcells_Cluster_3
PSAP;MILO_Tcells_Cluster_3
CTSS;MILO_Tcells_Cluster_3
RASSF4;MILO_Tcells_Cluster_3
CEP170;MILO_Tcells_Cluster_3
CD14;MILO_Tcells_Cluster_3
IL18;MILO_Tcells_Cluster_3
CD81;MILO_Tcells_Cluster_3
PHACTR1;MILO_Tcells_Cluster_3
HPSE;MILO_Tcells_Cluster_3
ASAH1;MILO_Tcells_Cluster_3
PLD4;MILO_Tcells_Cluster_3
LHFPL2;MILO_Tcells_Cluster_3
BIN1;MILO_Tcells_Cluster_3
SLC11A1;MILO_Tcells_Cluster_3
NPC2;MILO_Tcells_Cluster_3
LYN;MILO_Tcells_Cluster_3
HLA-DRA;MILO_Tcells_Cluster_3
MSR1;MILO_Tcells_Cluster_3
AIF1;MILO_Tcells_Cluster_3
IRF8;MILO_Tcells_Cluster_3
VSIG4;MILO_Tcells_Cluster_3
RAB31;MILO_Tcells_Cluster_3
SLC8A1;MILO_Tcells_Cluster_3
SRGAP2B;MILO_Tcells_Cluster_3
CSF3R;MILO_Tcells_Cluster_3
RGS10;MILO_Tcells_Cluster_3
CD83;MILO_Tcells_Cluster_3
CD74;MILO_Tcells_Cluster_3
FRMD4A;MILO_Tcells_Cluster_3
SRGAP2;MILO_Tcells_Cluster_3
CXCL16;MILO_Tcells_Cluster_3
TBXAS1;MILO_Tcells_Cluster_3
NAV3;MILO_Tcells_Cluster_3
CCDC88A;MILO_Tcells_Cluster_3
ITGAX;MILO_Tcells_Cluster_3
ITGAV;MILO_Tcells_Cluster_3
BMP2K;MILO_Tcells_Cluster_3
HAVCR2;MILO_Tcells_Cluster_3
SPP1;MILO_Tcells_Cluster_3
TRIB1;MILO_Tcells_Cluster_3
SKAP2;MILO_Tcells_Cluster_3
KCTD12;MILO_Tcells_Cluster_3
FGD4;MILO_Tcells_Cluster_3
SLC2A5;MILO_Tcells_Cluster_3
ARHGAP22;MILO_Tcells_Cluster_3
CEBPB;MILO_Tcells_Cluster_3
CAPG;MILO_Tcells_Cluster_3
ALCAM;MILO_Tcells_Cluster_3
PDK4;MILO_Tcells_Cluster_3
CTSZ;MILO_Tcells_Cluster_3
HLA-DQB1;MILO_Tcells_Cluster_3
GPR183;MILO_Tcells_Cluster_3
METTL7A;MILO_Tcells_Cluster_3
LST1;MILO_Tcells_Cluster_3
BTK;MILO_Tcells_Cluster_3
TLN2;MILO_Tcells_Cluster_3
SPRED1;MILO_Tcells_Cluster_3
LMO2;MILO_Tcells_Cluster_3
CD86;MILO_Tcells_Cluster_3
CST3;MILO_Tcells_Cluster_3
DYNC1I2;MILO_Tcells_Cluster_3
CYTL1;MILO_Tcells_Cluster_3
TYROBP;MILO_Tcells_Cluster_3
SNCA;MILO_Tcells_Cluster_3
MIR29B2CHG;MILO_Tcells_Cluster_3
GAA;MILO_Tcells_Cluster_3
SLC29A1;MILO_Tcells_Cluster_3
LGALS9;MILO_Tcells_Cluster_3
SIRPA;MILO_Tcells_Cluster_3
CTNND1;MILO_Tcells_Cluster_3
TM6SF1;MILO_Tcells_Cluster_3
PDPN;MILO_Tcells_Cluster_3
TTC7A;MILO_Tcells_Cluster_3
B3GNT5;MILO_Tcells_Cluster_3
IFI30;MILO_Tcells_Cluster_3
CTTNBP2NL;MILO_Tcells_Cluster_3
TCEAL3;MILO_Tcells_Cluster_3
TK2;MILO_Tcells_Cluster_3
PALD1;MILO_Tcells_Cluster_3
RNASE6;MILO_Tcells_Cluster_3
APBB1IP;MILO_Tcells_Cluster_3
BLNK;MILO_Tcells_Cluster_3
CD9;MILO_Tcells_Cluster_3
MUM1;MILO_Tcells_Cluster_3
POU2F2;MILO_Tcells_Cluster_3
ADAP2;MILO_Tcells_Cluster_3
HLA-DPA1;MILO_Tcells_Cluster_3
CD68;MILO_Tcells_Cluster_3
RNF130;MILO_Tcells_Cluster_3
PIH1D1;MILO_Tcells_Cluster_3
C5AR1;MILO_Tcells_Cluster_3
CTSL;MILO_Tcells_Cluster_3
CACNA1A;MILO_Tcells_Cluster_3
PLEKHO1;MILO_Tcells_Cluster_3
TMEM119;MILO_Tcells_Cluster_3
GALNT2;MILO_Tcells_Cluster_3
C3AR1;MILO_Tcells_Cluster_3
TIMP2;MILO_Tcells_Cluster_3
SRGAP2C;MILO_Tcells_Cluster_3
RGS16;MILO_Tcells_Cluster_3
IL17RA;MILO_Tcells_Cluster_3
ABCC4;MILO_Tcells_Cluster_3
RASAL2;MILO_Tcells_Cluster_3
LINC01480;MILO_Tcells_Cluster_3
DHRS9;MILO_Tcells_Cluster_3
FMNL3;MILO_Tcells_Cluster_3
SDCCAG8;MILO_Tcells_Cluster_3
HLA-DMA;MILO_Tcells_Cluster_3
MCF2L;MILO_Tcells_Cluster_3
RHOB;MILO_Tcells_Cluster_3
SLC15A3;MILO_Tcells_Cluster_3
TCF4;MILO_Tcells_Cluster_3
ATP6V0A1;MILO_Tcells_Cluster_3
RAB20;MILO_Tcells_Cluster_3
RHBDF2;MILO_Tcells_Cluster_3
HLA-DRB1;MILO_Tcells_Cluster_3
C1orf162;MILO_Tcells_Cluster_3
EGR3;MILO_Tcells_Cluster_3
FCGR3A;MILO_Tcells_Cluster_3
SLC25A37;MILO_Tcells_Cluster_3
LRRK2;MILO_Tcells_Cluster_3
UBE2E2;MILO_Tcells_Cluster_3
SYK;MILO_Tcells_Cluster_3
PLAUR;MILO_Tcells_Cluster_3
SLC16A3;MILO_Tcells_Cluster_3
SPI1;MILO_Tcells_Cluster_3
ZMAT3;MILO_Tcells_Cluster_3
GNG7;MILO_Tcells_Cluster_3
CEBPA;MILO_Tcells_Cluster_3
APPL2;MILO_Tcells_Cluster_3
KLF4;MILO_Tcells_Cluster_3
PLVAP;MILO_Tcells_Cluster_3
SLC12A5;MILO_Tcells_Cluster_3
MMRN1;MILO_Tcells_Cluster_3
NAA20;MILO_Tcells_Cluster_3
ANP32A;MILO_Tcells_Cluster_3
JDP2;MILO_Tcells_Cluster_3
SPECC1;MILO_Tcells_Cluster_3
AXL;MILO_Tcells_Cluster_3
SORL1;MILO_Tcells_Cluster_3
QKI;MILO_Tcells_Cluster_3
INAFM2;MILO_Tcells_Cluster_3
RDX;MILO_Tcells_Cluster_3
PTCRA;MILO_Tcells_Cluster_3
ENPP1;MILO_Tcells_Cluster_3
RASGEF1B;MILO_Tcells_Cluster_3
KIAA0355;MILO_Tcells_Cluster_3
SERPINF1;MILO_Tcells_Cluster_3
HMOX1;MILO_Tcells_Cluster_3
PTTG1IP;MILO_Tcells_Cluster_3
MT-ATP8;MILO_Tcells_Cluster_3
SIGLEC8;MILO_Tcells_Cluster_3
LINC01094;MILO_Tcells_Cluster_3
STX7;MILO_Tcells_Cluster_3
LAIR1;MILO_Tcells_Cluster_3
AIDA;MILO_Tcells_Cluster_3
YWHAE;MILO_Tcells_Cluster_3
NMT1;MILO_Tcells_Cluster_3
SYNDIG1;MILO_Tcells_Cluster_3
PLA2G15;MILO_Tcells_Cluster_3
DST;MILO_Tcells_Cluster_3
STX6;MILO_Tcells_Cluster_3
PYCARD;MILO_Tcells_Cluster_3
SPTLC2;MILO_Tcells_Cluster_3
SWAP70;MILO_Tcells_Cluster_3
HLA-DOA;MILO_Tcells_Cluster_3
CCDC50;MILO_Tcells_Cluster_3
DNASE2;MILO_Tcells_Cluster_3
NUDT3;MILO_Tcells_Cluster_3
LIMS1;MILO_Tcells_Cluster_3
PPP6R2;MILO_Tcells_Cluster_3
CPED1;MILO_Tcells_Cluster_3
RGS12;MILO_Tcells_Cluster_3
NUBP1;MILO_Tcells_Cluster_3
IL6ST;MILO_Tcells_Cluster_3
ALOX5AP;MILO_Tcells_Cluster_3
TREM1;MILO_Tcells_Cluster_3
CNPY3;MILO_Tcells_Cluster_3
FAM118A;MILO_Tcells_Cluster_3
TCEAL8;MILO_Tcells_Cluster_3
ITPRIPL2;MILO_Tcells_Cluster_3
ZFP36L1;MILO_Tcells_Cluster_3
CD302;MILO_Tcells_Cluster_3
PDGFB;MILO_Tcells_Cluster_3
NFIC;MILO_Tcells_Cluster_3
RAMP1;MILO_Tcells_Cluster_3
USP6NL;MILO_Tcells_Cluster_3
LILRA4;MILO_Tcells_Cluster_3
SIGLEC10;MILO_Tcells_Cluster_3
HIF1A;MILO_Tcells_Cluster_3
MFSD1;MILO_Tcells_Cluster_3
TP53I11;MILO_Tcells_Cluster_3
CXorf21;MILO_Tcells_Cluster_3
GNA13;MILO_Tcells_Cluster_3
LPAR6;MILO_Tcells_Cluster_3
CD84;MILO_Tcells_Cluster_3
PLEC;MILO_Tcells_Cluster_3
SIPA1L2;MILO_Tcells_Cluster_3
DENND3;MILO_Tcells_Cluster_3
AC012368.1;MILO_Tcells_Cluster_3
APLP2;MILO_Tcells_Cluster_3
ITPR2;MILO_Tcells_Cluster_3
CHMP4B;MILO_Tcells_Cluster_3
CLEC9A;MILO_Tcells_Cluster_3
TLR2;MILO_Tcells_Cluster_3
ARRB2;MILO_Tcells_Cluster_3
ADORA3;MILO_Tcells_Cluster_3
IL6R;MILO_Tcells_Cluster_3
SLC43A2;MILO_Tcells_Cluster_3
ETS2;MILO_Tcells_Cluster_3
SCPEP1;MILO_Tcells_Cluster_3
MTRNR2L12;MILO_Tcells_Cluster_3
FMNL2;MILO_Tcells_Cluster_3
NARS;MILO_Tcells_Cluster_3
ICOSLG;MILO_Tcells_Cluster_3
SH3BGRL;MILO_Tcells_Cluster_3
HLA-DQA1;MILO_Tcells_Cluster_3
TAL1;MILO_Tcells_Cluster_3
ARHGAP21;MILO_Tcells_Cluster_3
CH25H;MILO_Tcells_Cluster_3
SNHG25;MILO_Tcells_Cluster_3
ABR;MILO_Tcells_Cluster_3
CCL3;MILO_Tcells_Cluster_3
DDAH2;MILO_Tcells_Cluster_3
IFNLR1;MILO_Tcells_Cluster_3
CKB;MILO_Tcells_Cluster_3
FEZ2;MILO_Tcells_Cluster_3
TLR1;MILO_Tcells_Cluster_3
GALNT1;MILO_Tcells_Cluster_3
SERPINE1;MILO_Tcells_Cluster_3
AC103591.3;MILO_Tcells_Cluster_3
NFKBID;MILO_Tcells_Cluster_3
ADAM9;MILO_Tcells_Cluster_3
ARHGAP25;MILO_Tcells_Cluster_3
PLEK;MILO_Tcells_Cluster_3
LPAR5;MILO_Tcells_Cluster_3
SAT1;MILO_Tcells_Cluster_3
ARHGAP24;MILO_Tcells_Cluster_3
ADCK2;MILO_Tcells_Cluster_3
NAGK;MILO_Tcells_Cluster_3
ADAM10;MILO_Tcells_Cluster_3
RHOQ;MILO_Tcells_Cluster_3
ENG;MILO_Tcells_Cluster_3
EIF2S2;MILO_Tcells_Cluster_3
TLR7;MILO_Tcells_Cluster_3
UNC93B1;MILO_Tcells_Cluster_3
KCNQ3;MILO_Tcells_Cluster_3
MAFB;MILO_Tcells_Cluster_3
KLHL5;MILO_Tcells_Cluster_3
RCC2;MILO_Tcells_Cluster_3
DHRS3;MILO_Tcells_Cluster_3
TLR3;MILO_Tcells_Cluster_3
COTL1;MILO_Tcells_Cluster_3
NCF1;MILO_Tcells_Cluster_3
LMO4;MILO_Tcells_Cluster_3
TCEAL4;MILO_Tcells_Cluster_3
RB1;MILO_Tcells_Cluster_3
S100A11;MILO_Tcells_Cluster_3
CHMP3;MILO_Tcells_Cluster_3
TUBB;MILO_Tcells_Cluster_3
HCK;MILO_Tcells_Cluster_3
PSMD14;MILO_Tcells_Cluster_3
TSPAN14;MILO_Tcells_Cluster_3
GNAQ;MILO_Tcells_Cluster_3
FAM96A;MILO_Tcells_Cluster_3
HK2;MILO_Tcells_Cluster_3
MGAT1;MILO_Tcells_Cluster_3
NR4A1;MILO_Tcells_Cluster_3
SH2B3;MILO_Tcells_Cluster_3
IVD;MILO_Tcells_Cluster_3
NUAK1;MILO_Tcells_Cluster_3
AKR1B1;MILO_Tcells_Cluster_3
PSMC4;MILO_Tcells_Cluster_3
ARHGEF40;MILO_Tcells_Cluster_3
TLR10;MILO_Tcells_Cluster_3
CPEB4;MILO_Tcells_Cluster_3
ATP6V1B2;MILO_Tcells_Cluster_3
RGS19;MILO_Tcells_Cluster_3
IST1;MILO_Tcells_Cluster_3
APEX1;MILO_Tcells_Cluster_3
SPATA13;MILO_Tcells_Cluster_3
C1orf54;MILO_Tcells_Cluster_3
TMEM144;MILO_Tcells_Cluster_3
DNAJC10;MILO_Tcells_Cluster_3
SCIN;MILO_Tcells_Cluster_3
SYNGR2;MILO_Tcells_Cluster_3
RIN2;MILO_Tcells_Cluster_3
RASSF8;MILO_Tcells_Cluster_3
NPL;MILO_Tcells_Cluster_3
FTL1;MILO_Tcells_Cluster_3
OTULINL;MILO_Tcells_Cluster_3
PARVG;MILO_Tcells_Cluster_3
CREG1;MILO_Tcells_Cluster_3
ITM2B;MILO_Tcells_Cluster_3
ELL2;MILO_Tcells_Cluster_3
ELK3;MILO_Tcells_Cluster_3
FKBP15;MILO_Tcells_Cluster_3
ACSL1;MILO_Tcells_Cluster_3
ALDH2;MILO_Tcells_Cluster_3
SERPINB6;MILO_Tcells_Cluster_3
AL355075.4;MILO_Tcells_Cluster_3
IFNGR1;MILO_Tcells_Cluster_3
CREBL2;MILO_Tcells_Cluster_3
BICD2;MILO_Tcells_Cluster_3
SSPN;MILO_Tcells_Cluster_3
PAK1;MILO_Tcells_Cluster_3
NINJ1;MILO_Tcells_Cluster_3
TMEM52B;MILO_Tcells_Cluster_3
TIAM1;MILO_Tcells_Cluster_3
SESN3;MILO_Tcells_Cluster_3
LRRK1;MILO_Tcells_Cluster_3
CPQ;MILO_Tcells_Cluster_3
IFNGR2;MILO_Tcells_Cluster_3
RTTN;MILO_Tcells_Cluster_3
MMD;MILO_Tcells_Cluster_3
GRASP;MILO_Tcells_Cluster_3
CD4;MILO_Tcells_Cluster_3
ERCC1;MILO_Tcells_Cluster_3
IER3;MILO_Tcells_Cluster_3
ATP2C1;MILO_Tcells_Cluster_3
ZDHHC21;MILO_Tcells_Cluster_3
LILRB1;MILO_Tcells_Cluster_3
TPP1;MILO_Tcells_Cluster_3
HPS3;MILO_Tcells_Cluster_3
PREX1;MILO_Tcells_Cluster_3
MTHFD1L;MILO_Tcells_Cluster_3
NAGA;MILO_Tcells_Cluster_3
MS4A4A;MILO_Tcells_Cluster_3
IPCEF1;MILO_Tcells_Cluster_3
GAL3ST4;MILO_Tcells_Cluster_3
HNMT;MILO_Tcells_Cluster_3
ALPK3;MILO_Tcells_Cluster_3
CYTH3;MILO_Tcells_Cluster_3
CTSH;MILO_Tcells_Cluster_3
CTSD;MILO_Tcells_Cluster_3
TNFSF13B;MILO_Tcells_Cluster_3
SORT1;MILO_Tcells_Cluster_3
EGR2;MILO_Tcells_Cluster_3
NCK2;MILO_Tcells_Cluster_3
LINC02256;MILO_Tcells_Cluster_3
CCDC47;MILO_Tcells_Cluster_3
SNX5;MILO_Tcells_Cluster_3
VAMP3;MILO_Tcells_Cluster_3
METAP2;MILO_Tcells_Cluster_3
TSPAN3;MILO_Tcells_Cluster_3
PFDN1;MILO_Tcells_Cluster_3
SSR1;MILO_Tcells_Cluster_3
ZYX;MILO_Tcells_Cluster_3
CHCHD10;MILO_Tcells_Cluster_3
ARPC1B;MILO_Tcells_Cluster_3
CACNB4;MILO_Tcells_Cluster_3
SPRY1;MILO_Tcells_Cluster_3
C6orf62;MILO_Tcells_Cluster_3
VSIR;MILO_Tcells_Cluster_3
TBC1D12;MILO_Tcells_Cluster_3
MITF;MILO_Tcells_Cluster_3
PTMS;MILO_Tcells_Cluster_3
MIS18BP1;MILO_Tcells_Cluster_3
NDUFB1;MILO_Tcells_Cluster_3
SCARB2;MILO_Tcells_Cluster_3
FAM135A;MILO_Tcells_Cluster_3
RGS18;MILO_Tcells_Cluster_3
LYL1;MILO_Tcells_Cluster_3
PLXNB2;MILO_Tcells_Cluster_3
UGCG;MILO_Tcells_Cluster_3
CNDP2;MILO_Tcells_Cluster_3
INHBA;MILO_Tcells_Cluster_3
LTC4S;MILO_Tcells_Cluster_3
P2RY13;MILO_Tcells_Cluster_3
GM2A;MILO_Tcells_Cluster_3
MTUS1;MILO_Tcells_Cluster_3
CCL3L1;MILO_Tcells_Cluster_3
SPRY2;MILO_Tcells_Cluster_3
HPGDS;MILO_Tcells_Cluster_3
FOXN3;MILO_Tcells_Cluster_3
HEXB;MILO_Tcells_Cluster_3
RTN4;MILO_Tcells_Cluster_3
IGSF21;MILO_Tcells_Cluster_3
SLC31A2;MILO_Tcells_Cluster_3
PICALM;MILO_Tcells_Cluster_3
TNS3;MILO_Tcells_Cluster_3
PMEPA1;MILO_Tcells_Cluster_3
PLA2G7;MILO_Tcells_Cluster_3
C12orf75;MILO_Tcells_Cluster_3
SALL1;MILO_Tcells_Cluster_3
ETV5;MILO_Tcells_Cluster_3
CALM2;MILO_Tcells_Cluster_3
ATP6V1E1;MILO_Tcells_Cluster_3
TMEM14C;MILO_Tcells_Cluster_3
OTUD1;MILO_Tcells_Cluster_3
POMP;MILO_Tcells_Cluster_3
SCIMP;MILO_Tcells_Cluster_3
OSM;MILO_Tcells_Cluster_3
HLA-DPB1;MILO_Tcells_Cluster_3
CTNNA1;MILO_Tcells_Cluster_3
DOCK8;MILO_Tcells_Cluster_3
PLCG2;MILO_Tcells_Cluster_3
PGM2;MILO_Tcells_Cluster_3
MGST2;MILO_Tcells_Cluster_3
STAB1;MILO_Tcells_Cluster_3
MLXIPL;MILO_Tcells_Cluster_3
ELMO1;MILO_Tcells_Cluster_3
ATP6V1F;MILO_Tcells_Cluster_3
GPATCH11;MILO_Tcells_Cluster_3
ABCG1;MILO_Tcells_Cluster_3
FCGBP;MILO_Tcells_Cluster_3
Sep 02;MILO_Tcells_Cluster_3
HDAC9;MILO_Tcells_Cluster_3
LPL;MILO_Tcells_Cluster_3
ALOX5;MILO_Tcells_Cluster_3
VDAC1;MILO_Tcells_Cluster_3
ARL5A;MILO_Tcells_Cluster_3
ISCU;MILO_Tcells_Cluster_3
MKNK1;MILO_Tcells_Cluster_3
RUNX1;MILO_Tcells_Cluster_3
NFE2L1;MILO_Tcells_Cluster_3
AIG1;MILO_Tcells_Cluster_3
AC007613.1;MILO_Tcells_Cluster_3
PTPN12;MILO_Tcells_Cluster_3
MPZL1;MILO_Tcells_Cluster_3
WDR45B;MILO_Tcells_Cluster_3
IDH1;MILO_Tcells_Cluster_3
WASF2;MILO_Tcells_Cluster_3
PELI1;MILO_Tcells_Cluster_3
MAP4K4;MILO_Tcells_Cluster_3
DHRS7;MILO_Tcells_Cluster_3
SLC7A7;MILO_Tcells_Cluster_3
AP003481.1;MILO_Tcells_Cluster_3
H2AFY;MILO_Tcells_Cluster_3
RGS1;MILO_Tcells_Cluster_3
AC079015.1;MILO_Tcells_Cluster_3
TBC1D9;MILO_Tcells_Cluster_3
PDIA4;MILO_Tcells_Cluster_3
CTSC;MILO_Tcells_Cluster_3
MYO9B;MILO_Tcells_Cluster_3
NCKAP1L;MILO_Tcells_Cluster_3
LAMP2;MILO_Tcells_Cluster_3
SERPINB1;MILO_Tcells_Cluster_3
SCAMP2;MILO_Tcells_Cluster_3
AKR1A1;MILO_Tcells_Cluster_3
DCTN4;MILO_Tcells_Cluster_3
PLCB2;MILO_Tcells_Cluster_3
LAPTM5;MILO_Tcells_Cluster_3
CD276;MILO_Tcells_Cluster_3
MFSD12;MILO_Tcells_Cluster_3
S100A13;MILO_Tcells_Cluster_3
USF2;MILO_Tcells_Cluster_3
NRP2;MILO_Tcells_Cluster_3
PILRA;MILO_Tcells_Cluster_3
RAB32;MILO_Tcells_Cluster_3
PFKFB3;MILO_Tcells_Cluster_3
RRM2B;MILO_Tcells_Cluster_3
SFT2D2;MILO_Tcells_Cluster_3
TMCO1;MILO_Tcells_Cluster_3
SAMHD1;MILO_Tcells_Cluster_3
MARCH2;MILO_Tcells_Cluster_3
PTPN6;MILO_Tcells_Cluster_3
FLII;MILO_Tcells_Cluster_3
PRCP;MILO_Tcells_Cluster_3
SNRNP27;MILO_Tcells_Cluster_3
CD58;MILO_Tcells_Cluster_3
ATP6V0B;MILO_Tcells_Cluster_3
RASSF2;MILO_Tcells_Cluster_3
TMEM156;MILO_Tcells_Cluster_3
ABI3;MILO_Tcells_Cluster_3
NDUFC1;MILO_Tcells_Cluster_3
NCOR2;MILO_Tcells_Cluster_3
CTNNB1;MILO_Tcells_Cluster_3
CAPZB;MILO_Tcells_Cluster_3
NBL1;MILO_Tcells_Cluster_3
RBMX;MILO_Tcells_Cluster_3
MNDA;MILO_Tcells_Cluster_3
SOAT1;MILO_Tcells_Cluster_3
SNX3;MILO_Tcells_Cluster_3
ACSL4;MILO_Tcells_Cluster_3
ARHGAP6;MILO_Tcells_Cluster_3
KCNMB1;MILO_Tcells_Cluster_3
NCF2;MILO_Tcells_Cluster_3
SDR42E2;MILO_Tcells_Cluster_3
GTF2I;MILO_Tcells_Cluster_3
UBAC2;MILO_Tcells_Cluster_3
NRIP1;MILO_Tcells_Cluster_3
STK38L;MILO_Tcells_Cluster_3
KHDRBS3;MILO_Tcells_Cluster_3
ATP13A3;MILO_Tcells_Cluster_3
LAP3;MILO_Tcells_Cluster_3
CKLF;MILO_Tcells_Cluster_3
TLR6;MILO_Tcells_Cluster_3
SUSD3;MILO_Tcells_Cluster_3
PABPC1;MILO_Tcells_Cluster_3
BLOC1S6;MILO_Tcells_Cluster_3
RSRC1;MILO_Tcells_Cluster_3
ST13;MILO_Tcells_Cluster_3
SNX27;MILO_Tcells_Cluster_3
TSC22D2;MILO_Tcells_Cluster_3
TLR4;MILO_Tcells_Cluster_3
RAB10;MILO_Tcells_Cluster_3
GRINA;MILO_Tcells_Cluster_3
RAB5C;MILO_Tcells_Cluster_3
RRP1B;MILO_Tcells_Cluster_3
TBCA;MILO_Tcells_Cluster_3
ERCC6;MILO_Tcells_Cluster_3
KLF2;MILO_Tcells_Cluster_3
SNX18;MILO_Tcells_Cluster_3
C5orf15;MILO_Tcells_Cluster_3
ZNF503;MILO_Tcells_Cluster_3
AL360012.1;MILO_Tcells_Cluster_3
TRIM8;MILO_Tcells_Cluster_3
M6PR;MILO_Tcells_Cluster_3
ZNF106;MILO_Tcells_Cluster_3
MAF;MILO_Tcells_Cluster_3
CTDNEP1;MILO_Tcells_Cluster_3
CDKN1A;MILO_Tcells_Cluster_3
GLUL;MILO_Tcells_Cluster_3
GNAI2;MILO_Tcells_Cluster_3
CORO1C;MILO_Tcells_Cluster_3
RPS27L;MILO_Tcells_Cluster_3
CBX3;MILO_Tcells_Cluster_3
MSRB2;MILO_Tcells_Cluster_3
LARP7;MILO_Tcells_Cluster_3
SLC39A10;MILO_Tcells_Cluster_3
ATP5ME;MILO_Tcells_Cluster_3
APMAP;MILO_Tcells_Cluster_3
CHCHD7;MILO_Tcells_Cluster_3
ECHDC1;MILO_Tcells_Cluster_3
IGF1;MILO_Tcells_Cluster_3
RNF13;MILO_Tcells_Cluster_3
PHC2;MILO_Tcells_Cluster_3
RBM47;MILO_Tcells_Cluster_3
ANXA5;MILO_Tcells_Cluster_3
HHEX;MILO_Tcells_Cluster_3
MGST3;MILO_Tcells_Cluster_3
CYB5D2;MILO_Tcells_Cluster_3
SLC15A4;MILO_Tcells_Cluster_3
INPP5D;MILO_Tcells_Cluster_3
ARAP1;MILO_Tcells_Cluster_3
WDR70;MILO_Tcells_Cluster_3
NIPSNAP2;MILO_Tcells_Cluster_3
FCHSD2;MILO_Tcells_Cluster_3
ZSWIM6;MILO_Tcells_Cluster_3
SH3KBP1;MILO_Tcells_Cluster_3
MAP4K3;MILO_Tcells_Cluster_3
UBL3;MILO_Tcells_Cluster_3
NCK1-DT;MILO_Tcells_Cluster_3
GDI2;MILO_Tcells_Cluster_3
SUCLG2;MILO_Tcells_Cluster_3
DOCK2;MILO_Tcells_Cluster_3
GRB2;MILO_Tcells_Cluster_3
CHD9;MILO_Tcells_Cluster_3
ZMIZ1;MILO_Tcells_Cluster_3
HCLS1;MILO_Tcells_Cluster_3
SFMBT2;MILO_Tcells_Cluster_3
GATM;MILO_Tcells_Cluster_3
CCL2;MILO_Tcells_Cluster_3
IFNAR1;MILO_Tcells_Cluster_3
IKBIP;MILO_Tcells_Cluster_3
BCL2L1;MILO_Tcells_Cluster_3
EIF4G3;MILO_Tcells_Cluster_3
CREB3L2;MILO_Tcells_Cluster_3
AP2A2;MILO_Tcells_Cluster_3
RAB7A;MILO_Tcells_Cluster_3
DAGLB;MILO_Tcells_Cluster_3
TGFBR2;MILO_Tcells_Cluster_3
SMS;MILO_Tcells_Cluster_3
ATP6AP1;MILO_Tcells_Cluster_3
SELPLG;MILO_Tcells_Cluster_3
SUSD6;MILO_Tcells_Cluster_3
GNL3L;MILO_Tcells_Cluster_3
MTHFR;MILO_Tcells_Cluster_3
FAM49B;MILO_Tcells_Cluster_3
HSD17B12;MILO_Tcells_Cluster_3
FNIP2;MILO_Tcells_Cluster_3
CLTC;MILO_Tcells_Cluster_3
DAB2;MILO_Tcells_Cluster_3
EIF3J;MILO_Tcells_Cluster_3
ERGIC1;MILO_Tcells_Cluster_3
DDX1;MILO_Tcells_Cluster_3
TAOK3;MILO_Tcells_Cluster_3
UBE2K;MILO_Tcells_Cluster_3
PRDX1;MILO_Tcells_Cluster_3
TLN1;MILO_Tcells_Cluster_3
FAM32A;MILO_Tcells_Cluster_3
ARHGEF6;MILO_Tcells_Cluster_3
OSBPL11;MILO_Tcells_Cluster_3
BMPR2;MILO_Tcells_Cluster_3
DAP;MILO_Tcells_Cluster_3
CSK;MILO_Tcells_Cluster_3
TSPO;MILO_Tcells_Cluster_3
RTF2;MILO_Tcells_Cluster_3
COMT;MILO_Tcells_Cluster_3
HSD17B4;MILO_Tcells_Cluster_3
SNX29;MILO_Tcells_Cluster_3
CBL;MILO_Tcells_Cluster_3
ZNHIT1;MILO_Tcells_Cluster_3
TGOLN2;MILO_Tcells_Cluster_3
SH3GLB1;MILO_Tcells_Cluster_3
P2RX4;MILO_Tcells_Cluster_3
ARHGAP12;MILO_Tcells_Cluster_3
DEGS1;MILO_Tcells_Cluster_3
BEX4;MILO_Tcells_Cluster_3
HDLBP;MILO_Tcells_Cluster_3
KCNMA1;MILO_Tcells_Cluster_3
TAF10;MILO_Tcells_Cluster_3
VTI1B;MILO_Tcells_Cluster_3
CAP1;MILO_Tcells_Cluster_3
CEP350;MILO_Tcells_Cluster_3
SARS;MILO_Tcells_Cluster_3
CMTM6;MILO_Tcells_Cluster_3
THEMIS2;MILO_Tcells_Cluster_3
MARCH1;MILO_Tcells_Cluster_3
GPN3;MILO_Tcells_Cluster_3
TLE3;MILO_Tcells_Cluster_3
LCP2;MILO_Tcells_Cluster_3
ME2;MILO_Tcells_Cluster_3
METTL9;MILO_Tcells_Cluster_3
MLF1;MILO_Tcells_Cluster_3
RPS6KA1;MILO_Tcells_Cluster_3
DBNL;MILO_Tcells_Cluster_3
GLYR1;MILO_Tcells_Cluster_3
ABHD12;MILO_Tcells_Cluster_3
HSD17B11;MILO_Tcells_Cluster_3
CACUL1;MILO_Tcells_Cluster_3
GTF2F1;MILO_Tcells_Cluster_3
FUCA2;MILO_Tcells_Cluster_3
CD300A;MILO_Tcells_Cluster_3
CHST11;MILO_Tcells_Cluster_3
RERE;MILO_Tcells_Cluster_3
TBC1D9B;MILO_Tcells_Cluster_3
ARHGAP18;MILO_Tcells_Cluster_3
SSH1;MILO_Tcells_Cluster_3
RGS2;MILO_Tcells_Cluster_3
CAMK1D;MILO_Tcells_Cluster_3
FAM78A;MILO_Tcells_Cluster_3
BRK1;MILO_Tcells_Cluster_3
SEC11A;MILO_Tcells_Cluster_3
PEA15;MILO_Tcells_Cluster_3
CHSY1;MILO_Tcells_Cluster_3
LINC01678;MILO_Tcells_Cluster_3
IRF2BP2;MILO_Tcells_Cluster_3
TM9SF2;MILO_Tcells_Cluster_3
PPM1M;MILO_Tcells_Cluster_3
CHMP1B;MILO_Tcells_Cluster_3
TMX1;MILO_Tcells_Cluster_3
GOLIM4;MILO_Tcells_Cluster_3
NFIL3;MILO_Tcells_Cluster_3
PTPRA;MILO_Tcells_Cluster_3
CMTM3;MILO_Tcells_Cluster_3
NEAT1;MILO_Tcells_Cluster_3
HNRNPM;MILO_Tcells_Cluster_3
SKIL;MILO_Tcells_Cluster_3
MICAL1;MILO_Tcells_Cluster_3
MINDY2;MILO_Tcells_Cluster_3
OXR1;MILO_Tcells_Cluster_3
MYDGF;MILO_Tcells_Cluster_3
GPNMB;MILO_Tcells_Cluster_3
LRPPRC;MILO_Tcells_Cluster_3
SAT2;MILO_Tcells_Cluster_3
CAPZA2;MILO_Tcells_Cluster_3
MAP1S;MILO_Tcells_Cluster_3
P4HA1;MILO_Tcells_Cluster_3
BNIP2;MILO_Tcells_Cluster_3
LDLRAD4;MILO_Tcells_Cluster_3
TUT7;MILO_Tcells_Cluster_3
BOD1L1;MILO_Tcells_Cluster_3
MAN1A1;MILO_Tcells_Cluster_3
NCOA7;MILO_Tcells_Cluster_3
KMT2E-AS1;MILO_Tcells_Cluster_3
C4orf48;MILO_Tcells_Cluster_3
CCDC112;MILO_Tcells_Cluster_3
EIF1B;MILO_Tcells_Cluster_3
SEL1L;MILO_Tcells_Cluster_3
NCOA4;MILO_Tcells_Cluster_3
SNX10;MILO_Tcells_Cluster_3
BCAP31;MILO_Tcells_Cluster_3
MLEC;MILO_Tcells_Cluster_3
PGLS;MILO_Tcells_Cluster_3
TNRC18;MILO_Tcells_Cluster_3
AP1S2;MILO_Tcells_Cluster_3
LAMTOR2;MILO_Tcells_Cluster_3
ATP8B4;MILO_Tcells_Cluster_3
FXR1;MILO_Tcells_Cluster_3
AHCYL1;MILO_Tcells_Cluster_3
NUP62;MILO_Tcells_Cluster_3
ITGB2;MILO_Tcells_Cluster_3
CLN8;MILO_Tcells_Cluster_3
OSBPL3;MILO_Tcells_Cluster_3
ARHGAP45;MILO_Tcells_Cluster_3
PIK3AP1;MILO_Tcells_Cluster_3
CHP1;MILO_Tcells_Cluster_3
SMIM30;MILO_Tcells_Cluster_3
SLC4A7;MILO_Tcells_Cluster_3
TNFRSF1A;MILO_Tcells_Cluster_3
KDELR2;MILO_Tcells_Cluster_3
EVI2A;MILO_Tcells_Cluster_3
RILPL2;MILO_Tcells_Cluster_3
MESD;MILO_Tcells_Cluster_3
CANX;MILO_Tcells_Cluster_3
CLSTN1;MILO_Tcells_Cluster_3
BID;MILO_Tcells_Cluster_3
H1F0;MILO_Tcells_Cluster_3
RAPGEF1;MILO_Tcells_Cluster_3
IL1B;MILO_Tcells_Cluster_3
YBX3;MILO_Tcells_Cluster_3
SNAP23;MILO_Tcells_Cluster_3
AC007952.4;MILO_Tcells_Cluster_3
KLHL6;MILO_Tcells_Cluster_3
AP005530.1;MILO_Tcells_Cluster_3
PSMC1;MILO_Tcells_Cluster_3
NDUFB9;MILO_Tcells_Cluster_3
PLSCR1;MILO_Tcells_Cluster_3
GSTM2;MILO_Tcells_Cluster_3
PPFIA1;MILO_Tcells_Cluster_3
ATP2B1-AS1;MILO_Tcells_Cluster_3
PTPRE;MILO_Tcells_Cluster_3
GNG5;MILO_Tcells_Cluster_3
RPAP3;MILO_Tcells_Cluster_3
ZC3H13;MILO_Tcells_Cluster_3
IFI16;MILO_Tcells_Cluster_3
RBM23;MILO_Tcells_Cluster_3
NDUFA2;MILO_Tcells_Cluster_3
NDUFA3;MILO_Tcells_Cluster_3
RAD23A;MILO_Tcells_Cluster_3
FLOT1;MILO_Tcells_Cluster_3
ITGAM;MILO_Tcells_Cluster_3
UTP6;MILO_Tcells_Cluster_3
IRS2;MILO_Tcells_Cluster_3
HNRNPK;MILO_Tcells_Cluster_3
CD53;MILO_Tcells_Cluster_3
BAZ2B;MILO_Tcells_Cluster_3
SERBP1;MILO_Tcells_Cluster_3
RAB1A;MILO_Tcells_Cluster_3
GSTO1;MILO_Tcells_Cluster_3
CPSF2;MILO_Tcells_Cluster_3
NSA2;MILO_Tcells_Cluster_3
MANBA;MILO_Tcells_Cluster_3
UCP2;MILO_Tcells_Cluster_3
CRTAP;MILO_Tcells_Cluster_3
TRIM44;MILO_Tcells_Cluster_3
KTN1;MILO_Tcells_Cluster_3
C8orf33;MILO_Tcells_Cluster_3
MED13L;MILO_Tcells_Cluster_3
MINOS1;MILO_Tcells_Cluster_3
ST3GAL6;MILO_Tcells_Cluster_3
AC004687.1;MILO_Tcells_Cluster_3
PPIF;MILO_Tcells_Cluster_3
CITED2;MILO_Tcells_Cluster_3
STX4;MILO_Tcells_Cluster_3
MOB1B;MILO_Tcells_Cluster_3
NEDD9;MILO_Tcells_Cluster_3
FKBP1A;MILO_Tcells_Cluster_3
MAML2;MILO_Tcells_Cluster_3
TUBA1B;MILO_Tcells_Cluster_3
WASHC4;MILO_Tcells_Cluster_3
NAP1L1;MILO_Tcells_Cluster_3
IRAK3;MILO_Tcells_Cluster_3
APPL1;MILO_Tcells_Cluster_3
LAMP1;MILO_Tcells_Cluster_3
XRCC5;MILO_Tcells_Cluster_3
SPIDR;MILO_Tcells_Cluster_3
MERTK;MILO_Tcells_Cluster_3
TMBIM4;MILO_Tcells_Cluster_3
TFEC;MILO_Tcells_Cluster_3
ARL6IP4;MILO_Tcells_Cluster_3
MPP1;MILO_Tcells_Cluster_3
SGK3;MILO_Tcells_Cluster_3
TARS;MILO_Tcells_Cluster_3
CFAP97;MILO_Tcells_Cluster_3
GPX4;MILO_Tcells_Cluster_3
TMEM154;MILO_Tcells_Cluster_3
DIP2B;MILO_Tcells_Cluster_3
PTGS2;MILO_Tcells_Cluster_3
LY96;MILO_Tcells_Cluster_3
ADAM17;MILO_Tcells_Cluster_3
WDR91;MILO_Tcells_Cluster_3
CCL4L2;MILO_Tcells_Cluster_3
KHSRP;MILO_Tcells_Cluster_3
CLTA;MILO_Tcells_Cluster_3
ACTR2;MILO_Tcells_Cluster_3
NR4A3;MILO_Tcells_Cluster_3
SNHG9;MILO_Tcells_Cluster_3
RABEP1;MILO_Tcells_Cluster_3
TNFRSF13C;MILO_Tcells_Cluster_3
SLC9A9;MILO_Tcells_Cluster_3
ATP1B1;MILO_Tcells_Cluster_3
MOB1A;MILO_Tcells_Cluster_3
DBI;MILO_Tcells_Cluster_3
EIF4E;MILO_Tcells_Cluster_3
ARHGAP26;MILO_Tcells_Cluster_3
ACTB;MILO_Tcells_Cluster_3
KPNB1;MILO_Tcells_Cluster_3
DIAPH2;MILO_Tcells_Cluster_3
ADPGK;MILO_Tcells_Cluster_3
TMED9;MILO_Tcells_Cluster_3
PGPEP1;MILO_Tcells_Cluster_3
CEBPG;MILO_Tcells_Cluster_3
LMBRD1;MILO_Tcells_Cluster_3
HEXA;MILO_Tcells_Cluster_3
KPNA3;MILO_Tcells_Cluster_3
MTURN;MILO_Tcells_Cluster_3
BCAP29;MILO_Tcells_Cluster_3
MDM2;MILO_Tcells_Cluster_3
SSR3;MILO_Tcells_Cluster_3
SNX2;MILO_Tcells_Cluster_3
GIT2;MILO_Tcells_Cluster_3
MCM3AP;MILO_Tcells_Cluster_3
RAB2A;MILO_Tcells_Cluster_3
EIF1AX;MILO_Tcells_Cluster_3
NLRP3;MILO_Tcells_Cluster_3
CSNK1A1;MILO_Tcells_Cluster_3
OS9;MILO_Tcells_Cluster_3
SDCBP;MILO_Tcells_Cluster_3
PEBP1;MILO_Tcells_Cluster_3
EPSTI1;MILO_Tcells_Cluster_3
TYMP;MILO_Tcells_Cluster_3
SCP2;MILO_Tcells_Cluster_3
ADI1;MILO_Tcells_Cluster_3
CD63;MILO_Tcells_Cluster_3
CTNNBL1;MILO_Tcells_Cluster_3
RTCB;MILO_Tcells_Cluster_3
NIPA2;MILO_Tcells_Cluster_3
RPN1;MILO_Tcells_Cluster_3
KIF5B;MILO_Tcells_Cluster_3
ATP6V0E1;MILO_Tcells_Cluster_3
GSAP;MILO_Tcells_Cluster_3
NUMB;MILO_Tcells_Cluster_3
FOLR2;MILO_Tcells_Cluster_3
RIN3;MILO_Tcells_Cluster_3
DRAM2;MILO_Tcells_Cluster_3
AL354733.3;MILO_Tcells_Cluster_3
TFRC;MILO_Tcells_Cluster_3
GATAD1;MILO_Tcells_Cluster_3
ZNF330;MILO_Tcells_Cluster_3
SNHG8;MILO_Tcells_Cluster_3
GLRX;MILO_Tcells_Cluster_3
ARPC3;MILO_Tcells_Cluster_3
AC245014.3;MILO_Tcells_Cluster_3
CTBS;MILO_Tcells_Cluster_3
PARP1;MILO_Tcells_Cluster_3
MT-ND4L;MILO_Tcells_Cluster_3
PTCH2;MILO_Tcells_Cluster_3
PAPOLG;MILO_Tcells_Cluster_3
DEK;MILO_Tcells_Cluster_3
CBX1;MILO_Tcells_Cluster_3
CSDE1;MILO_Tcells_Cluster_3
RANBP2;MILO_Tcells_Cluster_3
VPS35;MILO_Tcells_Cluster_3
PCBP1;MILO_Tcells_Cluster_3
LAMTOR1;MILO_Tcells_Cluster_3
PRKCA;MILO_Tcells_Cluster_3
WSB1;MILO_Tcells_Cluster_3
TMED5;MILO_Tcells_Cluster_3
C11orf58;MILO_Tcells_Cluster_3
PLD3;MILO_Tcells_Cluster_3
HMGN1;MILO_Tcells_Cluster_3
OCIAD1;MILO_Tcells_Cluster_3
CXCL8;MILO_Tcells_Cluster_3
PLIN2;MILO_Tcells_Cluster_3
UBE2F;MILO_Tcells_Cluster_3
SELENOP;MILO_Tcells_Cluster_3
RHOA;MILO_Tcells_Cluster_3
MIR222HG;MILO_Tcells_Cluster_3
EVI2B;MILO_Tcells_Cluster_3
PCMTD1;MILO_Tcells_Cluster_3
TMBIM6;MILO_Tcells_Cluster_3
TMEM9B;MILO_Tcells_Cluster_3
HMGN2;MILO_Tcells_Cluster_3
GNAS;MILO_Tcells_Cluster_3
EPS8;MILO_Tcells_Cluster_3
NUCKS1;MILO_Tcells_Cluster_3
AMD1;MILO_Tcells_Cluster_3
FTH11;MILO_Tcells_Cluster_3
PCBP2;MILO_Tcells_Cluster_3
AAED1;MILO_Tcells_Cluster_3
FYB1;MILO_Tcells_Cluster_3
USP4;MILO_Tcells_Cluster_3
MTDH;MILO_Tcells_Cluster_3
RNASE1;MILO_Tcells_Cluster_3
SELENOK;MILO_Tcells_Cluster_3
KLF6;MILO_Tcells_Cluster_3
ID2;MILO_Tcells_Cluster_3
ATP5F1E;MILO_Tcells_Cluster_3
OAZ1;MILO_Tcells_Cluster_3
MCL1;MILO_Tcells_Cluster_3
SRGN;MILO_Tcells_Cluster_3
GNLY;MILO_Tcells_Cluster_4
NKG7;MILO_Tcells_Cluster_4
GZMB;MILO_Tcells_Cluster_4
FGFBP2;MILO_Tcells_Cluster_4
GZMH;MILO_Tcells_Cluster_4
KLRD1;MILO_Tcells_Cluster_4
CCL51;MILO_Tcells_Cluster_4
RPS27A1;MILO_Tcells_Cluster_4
B2M;MILO_Tcells_Cluster_4
S100A4;MILO_Tcells_Cluster_4
IFITM2;MILO_Tcells_Cluster_4
RPL33;MILO_Tcells_Cluster_4
HCST;MILO_Tcells_Cluster_4
RPS271;MILO_Tcells_Cluster_4
HLA-B;MILO_Tcells_Cluster_4
RPS31;MILO_Tcells_Cluster_4
CTSW;MILO_Tcells_Cluster_4
GZMA;MILO_Tcells_Cluster_4
RPL261;MILO_Tcells_Cluster_4
HLA-C;MILO_Tcells_Cluster_4
RPS141;MILO_Tcells_Cluster_4
RPL211;MILO_Tcells_Cluster_4
RPL23A1;MILO_Tcells_Cluster_4
HOPX;MILO_Tcells_Cluster_4
S100A6;MILO_Tcells_Cluster_4
HLA-A1;MILO_Tcells_Cluster_4
RPL191;MILO_Tcells_Cluster_4
RPL291;MILO_Tcells_Cluster_4
RPS51;MILO_Tcells_Cluster_4
RPS4X1;MILO_Tcells_Cluster_4
RPS261;MILO_Tcells_Cluster_4
CD52;MILO_Tcells_Cluster_4
CD8A;MILO_Tcells_Cluster_4
CST71;MILO_Tcells_Cluster_4
MYL12A;MILO_Tcells_Cluster_4
SYNE1;MILO_Tcells_Cluster_4
LYAR;MILO_Tcells_Cluster_4
CD48;MILO_Tcells_Cluster_4
CALM1;MILO_Tcells_Cluster_4
CCL4;MILO_Tcells_Cluster_4
PRF1;MILO_Tcells_Cluster_4
ZEB2;MILO_Tcells_Cluster_4
GZMM;MILO_Tcells_Cluster_4
RPSA1;MILO_Tcells_Cluster_4
XCL2;MILO_Tcells_Cluster_4
CYBA;MILO_Tcells_Cluster_4
PFN1;MILO_Tcells_Cluster_4
LITAF;MILO_Tcells_Cluster_4
FCGR3A1;MILO_Tcells_Cluster_4
NFKBIA;MILO_Tcells_Cluster_4
SH3BGRL3;MILO_Tcells_Cluster_4
FLNA;MILO_Tcells_Cluster_4
SYTL3;MILO_Tcells_Cluster_4
APOBEC3G;MILO_Tcells_Cluster_4
CD247;MILO_Tcells_Cluster_4
S100A10;MILO_Tcells_Cluster_4
CD3D1;MILO_Tcells_Cluster_4
RAC2;MILO_Tcells_Cluster_4
EFHD2;MILO_Tcells_Cluster_4
CMC1;MILO_Tcells_Cluster_4
MBP;MILO_Tcells_Cluster_4
HIST1H1D;MILO_Tcells_Cluster_4
MAP3K8;MILO_Tcells_Cluster_4
ITGB21;MILO_Tcells_Cluster_4
CD3G;MILO_Tcells_Cluster_4
GNG2;MILO_Tcells_Cluster_4
NOP53;MILO_Tcells_Cluster_4
TRBC2;MILO_Tcells_Cluster_4
DSTN;MILO_Tcells_Cluster_4
CD7;MILO_Tcells_Cluster_4
EMP3;MILO_Tcells_Cluster_4
PSME1;MILO_Tcells_Cluster_4
PPP2R5C;MILO_Tcells_Cluster_4
CORO1A;MILO_Tcells_Cluster_4
P2RY131;MILO_Tcells_Cluster_5
SLC1A31;MILO_Tcells_Cluster_5
MRC1;MILO_Tcells_Cluster_5
PDK41;MILO_Tcells_Cluster_5
CACNA1A1;MILO_Tcells_Cluster_5
MTSS1;MILO_Tcells_Cluster_5
RHOB1;MILO_Tcells_Cluster_5
OTUD11;MILO_Tcells_Cluster_5
SRGAP21;MILO_Tcells_Cluster_5
KLF41;MILO_Tcells_Cluster_5
CXCL81;MILO_Tcells_Cluster_5
MFSD11;MILO_Tcells_Cluster_5
KCTD121;MILO_Tcells_Cluster_5
C3AR11;MILO_Tcells_Cluster_5
B3GNT51;MILO_Tcells_Cluster_5
CCL3L11;MILO_Tcells_Cluster_5
RIN21;MILO_Tcells_Cluster_5
MERTK1;MILO_Tcells_Cluster_5
IL1B1;MILO_Tcells_Cluster_5
LPCAT21;MILO_Tcells_Cluster_5
GPR341;MILO_Tcells_Cluster_5
CXCL12;MILO_Tcells_Cluster_5
OLR11;MILO_Tcells_Cluster_5
ZBTB16;MILO_Tcells_Cluster_5
AC084871.2;MILO_Tcells_Cluster_5
CH25H1;MILO_Tcells_Cluster_5
SLC11A11;MILO_Tcells_Cluster_5
RGL1;MILO_Tcells_Cluster_5
FGD41;MILO_Tcells_Cluster_5
ADAM281;MILO_Tcells_Cluster_5
MIR29B2CHG1;MILO_Tcells_Cluster_5
SPTLC21;MILO_Tcells_Cluster_5
METTL7A1;MILO_Tcells_Cluster_5
CSF1R1;MILO_Tcells_Cluster_5
BAG3;MILO_Tcells_Cluster_5
HSPA6;MILO_Tcells_Cluster_5
FAM13A;MILO_Tcells_Cluster_5
BHLHE411;MILO_Tcells_Cluster_5
TRIB11;MILO_Tcells_Cluster_5
MS4A71;MILO_Tcells_Cluster_5
SRGAP2C1;MILO_Tcells_Cluster_5
CREG11;MILO_Tcells_Cluster_5
FCGR1B;MILO_Tcells_Cluster_5
SCIN1;MILO_Tcells_Cluster_5
VSIG41;MILO_Tcells_Cluster_5
CXCL161;MILO_Tcells_Cluster_5
TLR21;MILO_Tcells_Cluster_5
EPB41L21;MILO_Tcells_Cluster_5
CCL31;MILO_Tcells_Cluster_5
HLA-DRB11;MILO_Tcells_Cluster_5
PLXDC21;MILO_Tcells_Cluster_5
ARHGAP241;MILO_Tcells_Cluster_5
USP53;MILO_Tcells_Cluster_5
EGR31;MILO_Tcells_Cluster_5
IRAK31;MILO_Tcells_Cluster_5
CPM;MILO_Tcells_Cluster_5
MEF2C1;MILO_Tcells_Cluster_5
KHDRBS31;MILO_Tcells_Cluster_5
SRGAP2B1;MILO_Tcells_Cluster_5
DUSP6;MILO_Tcells_Cluster_5
MEF2A1;MILO_Tcells_Cluster_5
CSF2RA1;MILO_Tcells_Cluster_5
HIST1H2BG;MILO_Tcells_Cluster_5
CD3021;MILO_Tcells_Cluster_5
FCGR2A1;MILO_Tcells_Cluster_5
ITGAX1;MILO_Tcells_Cluster_5
CD831;MILO_Tcells_Cluster_5
CSF3R1;MILO_Tcells_Cluster_5
AC007336.1;MILO_Tcells_Cluster_5
DST1;MILO_Tcells_Cluster_5
IER5;MILO_Tcells_Cluster_5
SRGAP1;MILO_Tcells_Cluster_5
RHBDF21;MILO_Tcells_Cluster_5
ADGRG11;MILO_Tcells_Cluster_5
FRMD4A1;MILO_Tcells_Cluster_5
CTSB1;MILO_Tcells_Cluster_5
IRS21;MILO_Tcells_Cluster_5
CTTNBP2;MILO_Tcells_Cluster_5
MAFB1;MILO_Tcells_Cluster_5
INSR;MILO_Tcells_Cluster_5
CST31;MILO_Tcells_Cluster_5
ETS21;MILO_Tcells_Cluster_5
IL6ST1;MILO_Tcells_Cluster_5
SLC25A371;MILO_Tcells_Cluster_5
SORT11;MILO_Tcells_Cluster_5
SLC2A51;MILO_Tcells_Cluster_5
C5AR11;MILO_Tcells_Cluster_5
FCGR1A1;MILO_Tcells_Cluster_5
SIGLEC81;MILO_Tcells_Cluster_5
HSPA1B;MILO_Tcells_Cluster_5
CX3CR11;MILO_Tcells_Cluster_5
ADAP21;MILO_Tcells_Cluster_5
PTGS21;MILO_Tcells_Cluster_5
TLR41;MILO_Tcells_Cluster_5
A2M1;MILO_Tcells_Cluster_5
TMIGD31;MILO_Tcells_Cluster_5
C1QC1;MILO_Tcells_Cluster_5
TLN21;MILO_Tcells_Cluster_5
CSGALNACT1;MILO_Tcells_Cluster_5
SLC31A21;MILO_Tcells_Cluster_5
FGD2;MILO_Tcells_Cluster_5
LGMN1;MILO_Tcells_Cluster_5
TFEC1;MILO_Tcells_Cluster_5
ATP2B1-AS11;MILO_Tcells_Cluster_5
CLEC7A1;MILO_Tcells_Cluster_5
GSTM21;MILO_Tcells_Cluster_5
LHFPL21;MILO_Tcells_Cluster_5
KCNMA11;MILO_Tcells_Cluster_5
NHSL1;MILO_Tcells_Cluster_5
AL590617.2;MILO_Tcells_Cluster_5
CD861;MILO_Tcells_Cluster_5
FOLR21;MILO_Tcells_Cluster_5
AL442128.2;MILO_Tcells_Cluster_5
SPRY11;MILO_Tcells_Cluster_5
DHRS91;MILO_Tcells_Cluster_5
ZFHX31;MILO_Tcells_Cluster_5
GSN1;MILO_Tcells_Cluster_5
IFNGR11;MILO_Tcells_Cluster_5
SHTN11;MILO_Tcells_Cluster_5
IL13RA11;MILO_Tcells_Cluster_5
HAVCR21;MILO_Tcells_Cluster_5
MARCKS1;MILO_Tcells_Cluster_5
IER31;MILO_Tcells_Cluster_5
FKBP5;MILO_Tcells_Cluster_5
HSPB1;MILO_Tcells_Cluster_5
ADORA31;MILO_Tcells_Cluster_5
SGK11;MILO_Tcells_Cluster_5
CYBB1;MILO_Tcells_Cluster_5
SLC11A2;MILO_Tcells_Cluster_5
MIS18BP11;MILO_Tcells_Cluster_5
IL181;MILO_Tcells_Cluster_5
IFI44L;MILO_Tcells_Cluster_5
CMKLR1;MILO_Tcells_Cluster_5
LPAR61;MILO_Tcells_Cluster_5
FOXP2;MILO_Tcells_Cluster_5
ATP6V1B21;MILO_Tcells_Cluster_5
CYFIP11;MILO_Tcells_Cluster_5
CD141;MILO_Tcells_Cluster_5
ATP6V0A11;MILO_Tcells_Cluster_5
RTTN1;MILO_Tcells_Cluster_5
CHD91;MILO_Tcells_Cluster_5
FCER1G1;MILO_Tcells_Cluster_5
OGFRL11;MILO_Tcells_Cluster_5
SELENOP1;MILO_Tcells_Cluster_5
SOCS61;MILO_Tcells_Cluster_5
GNAQ1;MILO_Tcells_Cluster_5
AC012368.11;MILO_Tcells_Cluster_5
CD681;MILO_Tcells_Cluster_5
FMN1;MILO_Tcells_Cluster_5
ELMO11;MILO_Tcells_Cluster_5
AP005530.11;MILO_Tcells_Cluster_5
PHACTR11;MILO_Tcells_Cluster_5
ASAH11;MILO_Tcells_Cluster_5
CACNB41;MILO_Tcells_Cluster_5
SPRED11;MILO_Tcells_Cluster_5
AFF4;MILO_Tcells_Cluster_5
ITPR21;MILO_Tcells_Cluster_5
NRIP11;MILO_Tcells_Cluster_5
MAT2A;MILO_Tcells_Cluster_5
DAB21;MILO_Tcells_Cluster_5
SLC15A2;MILO_Tcells_Cluster_5
IRAK2;MILO_Tcells_Cluster_5
WSB11;MILO_Tcells_Cluster_5
AC091271.1;MILO_Tcells_Cluster_5
BMP2K1;MILO_Tcells_Cluster_5
KLF7;MILO_Tcells_Cluster_5
AC245014.31;MILO_Tcells_Cluster_5
ACY3;MILO_Tcells_Cluster_5
C1QA1;MILO_Tcells_Cluster_5
C1QB1;MILO_Tcells_Cluster_5
DAGLB1;MILO_Tcells_Cluster_5
CCDC88A1;MILO_Tcells_Cluster_5
EGR21;MILO_Tcells_Cluster_5
NLRP31;MILO_Tcells_Cluster_5
FCGRT1;MILO_Tcells_Cluster_5
SPRY21;MILO_Tcells_Cluster_5
MYO1E;MILO_Tcells_Cluster_5
PLD31;MILO_Tcells_Cluster_5
SLCO2B11;MILO_Tcells_Cluster_5
MED13L1;MILO_Tcells_Cluster_5
RGS11;MILO_Tcells_Cluster_5
PDGFB1;MILO_Tcells_Cluster_5
HIST2H2BF;MILO_Tcells_Cluster_5
ARRDC3;MILO_Tcells_Cluster_5
CEBPD1;MILO_Tcells_Cluster_5
GNB41;MILO_Tcells_Cluster_5
HSPA1A;MILO_Tcells_Cluster_5
ATF6;MILO_Tcells_Cluster_5
KLF21;MILO_Tcells_Cluster_5
MNDA1;MILO_Tcells_Cluster_5
ATP8B41;MILO_Tcells_Cluster_5
QKI1;MILO_Tcells_Cluster_5
PLEK1;MILO_Tcells_Cluster_5
CEP1701;MILO_Tcells_Cluster_5
TREM21;MILO_Tcells_Cluster_5
FOXO3;MILO_Tcells_Cluster_5
NUAK11;MILO_Tcells_Cluster_5
SLC15A41;MILO_Tcells_Cluster_5
SERPING1;MILO_Tcells_Cluster_5
IRF81;MILO_Tcells_Cluster_5
CD841;MILO_Tcells_Cluster_5
DNAJB4;MILO_Tcells_Cluster_5
RTN41;MILO_Tcells_Cluster_5
RGS21;MILO_Tcells_Cluster_5
AL450998.2;MILO_Tcells_Cluster_5
C31;MILO_Tcells_Cluster_5
CTSH1;MILO_Tcells_Cluster_5
CPEB41;MILO_Tcells_Cluster_5
SLC9A91;MILO_Tcells_Cluster_5
DOCK41;MILO_Tcells_Cluster_5
MIR222HG1;MILO_Tcells_Cluster_5
CBWD5;MILO_Tcells_Cluster_5
MCF2L1;MILO_Tcells_Cluster_5
PSAP1;MILO_Tcells_Cluster_5
LRRK11;MILO_Tcells_Cluster_5
NAV31;MILO_Tcells_Cluster_5
SFMBT21;MILO_Tcells_Cluster_5
P2RX7;MILO_Tcells_Cluster_5
BCO2;MILO_Tcells_Cluster_5
LILRB41;MILO_Tcells_Cluster_5
TYROBP1;MILO_Tcells_Cluster_5
RNASET21;MILO_Tcells_Cluster_5
SLC8A11;MILO_Tcells_Cluster_5
PRKAB1;MILO_Tcells_Cluster_5
EPS81;MILO_Tcells_Cluster_5
HLA-DRA1;MILO_Tcells_Cluster_5
MKNK11;MILO_Tcells_Cluster_5
CTSL1;MILO_Tcells_Cluster_5
HLA-DQB11;MILO_Tcells_Cluster_5
ADAM171;MILO_Tcells_Cluster_5
TBXAS11;MILO_Tcells_Cluster_5
SEC14L1;MILO_Tcells_Cluster_5
TMEM106A;MILO_Tcells_Cluster_5
NET1;MILO_Tcells_Cluster_5
WDFY2;MILO_Tcells_Cluster_5
AIF11;MILO_Tcells_Cluster_5
CHKA;MILO_Tcells_Cluster_5
ADRB2;MILO_Tcells_Cluster_5
FEZ21;MILO_Tcells_Cluster_5
STAMBPL1;MILO_Tcells_Cluster_5
VSIR1;MILO_Tcells_Cluster_5
CD741;MILO_Tcells_Cluster_5
NAIP;MILO_Tcells_Cluster_5
ZEB2-AS1;MILO_Tcells_Cluster_5
SOAT11;MILO_Tcells_Cluster_5
WASHC41;MILO_Tcells_Cluster_5
PALD11;MILO_Tcells_Cluster_5
RNF1301;MILO_Tcells_Cluster_5
HTRA11;MILO_Tcells_Cluster_5
CTTNBP2NL1;MILO_Tcells_Cluster_5
SOX4;MILO_Tcells_Cluster_5
MGST21;MILO_Tcells_Cluster_5
ABL2;MILO_Tcells_Cluster_5
IPCEF11;MILO_Tcells_Cluster_5
P2RX41;MILO_Tcells_Cluster_5
PIAS2;MILO_Tcells_Cluster_5
ITM2B1;MILO_Tcells_Cluster_5
PRKAG2;MILO_Tcells_Cluster_5
FGFBP21;MILO_Tcells_Cluster_5
GSTM3;MILO_Tcells_Cluster_5
TCF41;MILO_Tcells_Cluster_5
TRA2B;MILO_Tcells_Cluster_5
NCOA3;MILO_Tcells_Cluster_5
C6orf621;MILO_Tcells_Cluster_5
CDKN1A1;MILO_Tcells_Cluster_5
AXL1;MILO_Tcells_Cluster_5
HIST2H2BE;MILO_Tcells_Cluster_5
C6orf48;MILO_Tcells_Cluster_5
CPVL1;MILO_Tcells_Cluster_5
PRRG4;MILO_Tcells_Cluster_5
TCOF1;MILO_Tcells_Cluster_5
NABP11;MILO_Tcells_Cluster_5
HSPH1;MILO_Tcells_Cluster_5
AL627171.1;MILO_Tcells_Cluster_5
IGSF61;MILO_Tcells_Cluster_5
ST6GAL11;MILO_Tcells_Cluster_5
IGF11;MILO_Tcells_Cluster_5
HLA-DMB1;MILO_Tcells_Cluster_5
CCR1;MILO_Tcells_Cluster_5
IREB2;MILO_Tcells_Cluster_5
SDCCAG81;MILO_Tcells_Cluster_5
NUDT31;MILO_Tcells_Cluster_5
ANKRD10;MILO_Tcells_Cluster_5
SORL11;MILO_Tcells_Cluster_5
RNASE61;MILO_Tcells_Cluster_5
PTPRE1;MILO_Tcells_Cluster_5
DDX3Y;MILO_Tcells_Cluster_5
ST3GAL61;MILO_Tcells_Cluster_5
CEP3501;MILO_Tcells_Cluster_5
GLDN1;MILO_Tcells_Cluster_5
LST11;MILO_Tcells_Cluster_5
TENT5A;MILO_Tcells_Cluster_5
SPP11;MILO_Tcells_Cluster_5
CCL4L21;MILO_Tcells_Cluster_5
HVCN1;MILO_Tcells_Cluster_5
SAT11;MILO_Tcells_Cluster_5
KLF61;MILO_Tcells_Cluster_5
SBF2;MILO_Tcells_Cluster_5
CLN81;MILO_Tcells_Cluster_5
EIF4E1;MILO_Tcells_Cluster_5
PAPOLG1;MILO_Tcells_Cluster_5
NCKAP1L1;MILO_Tcells_Cluster_5
AL360012.11;MILO_Tcells_Cluster_5
H1F01;MILO_Tcells_Cluster_5
MDM21;MILO_Tcells_Cluster_5
APLP21;MILO_Tcells_Cluster_5
LPL1;MILO_Tcells_Cluster_5
ABCA11;MILO_Tcells_Cluster_5
ZFP36L11;MILO_Tcells_Cluster_5
NRP21;MILO_Tcells_Cluster_5
RCSD1;MILO_Tcells_Cluster_5
CCL21;MILO_Tcells_Cluster_5
PLSCR11;MILO_Tcells_Cluster_5
SMYD4;MILO_Tcells_Cluster_5
SCML1;MILO_Tcells_Cluster_5
CTSZ1;MILO_Tcells_Cluster_5
RNF131;MILO_Tcells_Cluster_5
RBM471;MILO_Tcells_Cluster_5
SH3TC1;MILO_Tcells_Cluster_5
FCGR3A2;MILO_Tcells_Cluster_5
TOR1AIP2;MILO_Tcells_Cluster_5
GPATCH2L;MILO_Tcells_Cluster_5
OSBPL1A;MILO_Tcells_Cluster_5
PTCH21;MILO_Tcells_Cluster_5
CHORDC11;MILO_Tcells_Cluster_5
TAL11;MILO_Tcells_Cluster_5
SERPINE11;MILO_Tcells_Cluster_5
PCF11;MILO_Tcells_Cluster_5
IFNGR21;MILO_Tcells_Cluster_5
LAT21;MILO_Tcells_Cluster_5
FPR11;MILO_Tcells_Cluster_5
STX71;MILO_Tcells_Cluster_5
AC007952.41;MILO_Tcells_Cluster_5
SWAP701;MILO_Tcells_Cluster_5
BAZ2B1;MILO_Tcells_Cluster_5
GPN31;MILO_Tcells_Cluster_5
COQ7;MILO_Tcells_Cluster_5
AC103591.31;MILO_Tcells_Cluster_5
HLA-DQA11;MILO_Tcells_Cluster_5
TNFRSF13C1;MILO_Tcells_Cluster_5
ATP2C11;MILO_Tcells_Cluster_5
TBC1D121;MILO_Tcells_Cluster_5
PELI11;MILO_Tcells_Cluster_5
NFKBID1;MILO_Tcells_Cluster_5
IL17RA1;MILO_Tcells_Cluster_5
TENT2;MILO_Tcells_Cluster_5
RAB1A1;MILO_Tcells_Cluster_5
CELF2;MILO_Tcells_Cluster_5
RAB30-AS1;MILO_Tcells_Cluster_5
TRIP11;MILO_Tcells_Cluster_5
APOC11;MILO_Tcells_Cluster_5
CHD7;MILO_Tcells_Cluster_5
NUDT16;MILO_Tcells_Cluster_5
TMBIM41;MILO_Tcells_Cluster_5
PTP4A1;MILO_Tcells_Cluster_5
WASF21;MILO_Tcells_Cluster_5
TRIM38;MILO_Tcells_Cluster_5
ZSWIM61;MILO_Tcells_Cluster_5
GLUL1;MILO_Tcells_Cluster_5
ARRB21;MILO_Tcells_Cluster_5
MS4A4A1;MILO_Tcells_Cluster_5
HIST1H2AC;MILO_Tcells_Cluster_5
NAA201;MILO_Tcells_Cluster_5
FOXN31;MILO_Tcells_Cluster_5
Z93930.2;MILO_Tcells_Cluster_5
PKN2;MILO_Tcells_Cluster_5
MSR11;MILO_Tcells_Cluster_5
TSPAN141;MILO_Tcells_Cluster_5
NEAT11;MILO_Tcells_Cluster_5
USP41;MILO_Tcells_Cluster_5
DBI1;MILO_Tcells_Cluster_5
HSP90AA11;MILO_Tcells_Cluster_5
GSAP1;MILO_Tcells_Cluster_5
PARP14;MILO_Tcells_Cluster_5
MIA2;MILO_Tcells_Cluster_5
LDLRAD41;MILO_Tcells_Cluster_5
TIAM11;MILO_Tcells_Cluster_5
TMEM1191;MILO_Tcells_Cluster_5
WDR74;MILO_Tcells_Cluster_5
LTC4S1;MILO_Tcells_Cluster_5
YME1L1;MILO_Tcells_Cluster_5
MAP4K41;MILO_Tcells_Cluster_5
HLA-DMA1;MILO_Tcells_Cluster_5
MAN1A11;MILO_Tcells_Cluster_5
MMD1;MILO_Tcells_Cluster_5
HHEX1;MILO_Tcells_Cluster_5
BOD1L11;MILO_Tcells_Cluster_5
CREB3L21;MILO_Tcells_Cluster_5
LYN1;MILO_Tcells_Cluster_5
CCDC501;MILO_Tcells_Cluster_5
SOD2;MILO_Tcells_Cluster_5
UBAC21;MILO_Tcells_Cluster_5
FNIP21;MILO_Tcells_Cluster_5
SEL1L1;MILO_Tcells_Cluster_5
SESN1;MILO_Tcells_Cluster_5
TMEM107;MILO_Tcells_Cluster_5
IL6R1;MILO_Tcells_Cluster_5
SUSD61;MILO_Tcells_Cluster_5
YIPF4;MILO_Tcells_Cluster_5
PICALM1;MILO_Tcells_Cluster_5
JDP21;MILO_Tcells_Cluster_5
CTNND11;MILO_Tcells_Cluster_5
LY861;MILO_Tcells_Cluster_5
ETV51;MILO_Tcells_Cluster_5
POLR2J3.1;MILO_Tcells_Cluster_5
CNPY31;MILO_Tcells_Cluster_5
SALL11;MILO_Tcells_Cluster_5
RUNX11;MILO_Tcells_Cluster_5
PAG1;MILO_Tcells_Cluster_5
TMED51;MILO_Tcells_Cluster_5
MIOS;MILO_Tcells_Cluster_5
NFIC1;MILO_Tcells_Cluster_5
ANKRD44;MILO_Tcells_Cluster_5
BACH1;MILO_Tcells_Cluster_5
SH2B31;MILO_Tcells_Cluster_5
EPB41L3;MILO_Tcells_Cluster_5
ITPRIPL21;MILO_Tcells_Cluster_5
SNX13;MILO_Tcells_Cluster_5
CPED11;MILO_Tcells_Cluster_5
TFRC1;MILO_Tcells_Cluster_5
NCOA41;MILO_Tcells_Cluster_5
TM6SF11;MILO_Tcells_Cluster_5
TMEM165;MILO_Tcells_Cluster_5
MIR181A1HG;MILO_Tcells_Cluster_5
ATP1B11;MILO_Tcells_Cluster_5
GCNT2;MILO_Tcells_Cluster_5
PMS1;MILO_Tcells_Cluster_5
SCAMP21;MILO_Tcells_Cluster_5
AC079015.11;MILO_Tcells_Cluster_5
MTHFR1;MILO_Tcells_Cluster_5
SLC39A101;MILO_Tcells_Cluster_5
SLC4A71;MILO_Tcells_Cluster_5
GRN1;MILO_Tcells_Cluster_5
LINC014801;MILO_Tcells_Cluster_5
CTBP2;MILO_Tcells_Cluster_5
TIMP21;MILO_Tcells_Cluster_5
IL1RAP;MILO_Tcells_Cluster_5
LAPTM4A;MILO_Tcells_Cluster_5
TRPM2;MILO_Tcells_Cluster_5
ARHGAP211;MILO_Tcells_Cluster_5
H2AFY1;MILO_Tcells_Cluster_5
ZEB21;MILO_Tcells_Cluster_5
UTP61;MILO_Tcells_Cluster_5
RABEP11;MILO_Tcells_Cluster_5
TUT71;MILO_Tcells_Cluster_5
LAMP21;MILO_Tcells_Cluster_5
ERCC11;MILO_Tcells_Cluster_5
OXR11;MILO_Tcells_Cluster_5
LAIR11;MILO_Tcells_Cluster_5
AKR1B11;MILO_Tcells_Cluster_5
SIPA1L21;MILO_Tcells_Cluster_5
SKAP21;MILO_Tcells_Cluster_5
PIAS1;MILO_Tcells_Cluster_5
ZNF5031;MILO_Tcells_Cluster_5
ZBED5;MILO_Tcells_Cluster_5
DENND31;MILO_Tcells_Cluster_5
ATP6V1C1;MILO_Tcells_Cluster_5
ELL21;MILO_Tcells_Cluster_5
MTUS11;MILO_Tcells_Cluster_5
FNDC3A;MILO_Tcells_Cluster_5
NFKBIZ;MILO_Tcells_Cluster_5
ARID4A;MILO_Tcells_Cluster_5
CFD;MILO_Tcells_Cluster_5
LCP21;MILO_Tcells_Cluster_5
LINC016781;MILO_Tcells_Cluster_5
RAB311;MILO_Tcells_Cluster_5
SELPLG1;MILO_Tcells_Cluster_5
CEBPB1;MILO_Tcells_Cluster_5
VPS351;MILO_Tcells_Cluster_5
LPAR51;MILO_Tcells_Cluster_5
LRMDA;MILO_Tcells_Cluster_5
ACSL11;MILO_Tcells_Cluster_5
HIST1H2BD;MILO_Tcells_Cluster_5
DPYSL21;MILO_Tcells_Cluster_5
MYLIP;MILO_Tcells_Cluster_5
ARHGAP261;MILO_Tcells_Cluster_5
GAB3;MILO_Tcells_Cluster_5
GATAD11;MILO_Tcells_Cluster_5
VMP1;MILO_Tcells_Cluster_5
SERPINB9;MILO_Tcells_Cluster_5
HMOX11;MILO_Tcells_Cluster_5
SETX;MILO_Tcells_Cluster_5
SCARB21;MILO_Tcells_Cluster_5
NEMF;MILO_Tcells_Cluster_5
ATM;MILO_Tcells_Cluster_5
SERPINB61;MILO_Tcells_Cluster_5
PPT11;MILO_Tcells_Cluster_5
CD811;MILO_Tcells_Cluster_5
MPZL11;MILO_Tcells_Cluster_5
RGS101;MILO_Tcells_Cluster_5
RB11;MILO_Tcells_Cluster_5
LIMS11;MILO_Tcells_Cluster_5
TPP11;MILO_Tcells_Cluster_5
HPS31;MILO_Tcells_Cluster_5
TLR71;MILO_Tcells_Cluster_5
DNAJB11;MILO_Tcells_Cluster_5
ARHGAP121;MILO_Tcells_Cluster_5
PDE3B;MILO_Tcells_Cluster_5
USP6NL1;MILO_Tcells_Cluster_5
LUC7L3;MILO_Tcells_Cluster_5
NCOR21;MILO_Tcells_Cluster_5
CCL41;MILO_Tcells_Cluster_5
JAK2;MILO_Tcells_Cluster_5
SNAP231;MILO_Tcells_Cluster_5
SIGLEC101;MILO_Tcells_Cluster_5
TLR61;MILO_Tcells_Cluster_5
PILRA1;MILO_Tcells_Cluster_5
PADI21;MILO_Tcells_Cluster_5
DIP2A;MILO_Tcells_Cluster_5
TMEM1561;MILO_Tcells_Cluster_5
ETNK1;MILO_Tcells_Cluster_5
MAML21;MILO_Tcells_Cluster_5
OLFML31;MILO_Tcells_Cluster_5
ADPGK1;MILO_Tcells_Cluster_5
ABR1;MILO_Tcells_Cluster_5
ADAM91;MILO_Tcells_Cluster_5
HDAC91;MILO_Tcells_Cluster_5
ATP6AP11;MILO_Tcells_Cluster_5
APMAP1;MILO_Tcells_Cluster_5
STX41;MILO_Tcells_Cluster_5
TCF7L2;MILO_Tcells_Cluster_5
LINC022561;MILO_Tcells_Cluster_5
FNIP1;MILO_Tcells_Cluster_5
POU2F21;MILO_Tcells_Cluster_5
PRKD3;MILO_Tcells_Cluster_5
TOR1AIP1;MILO_Tcells_Cluster_5
SPATA131;MILO_Tcells_Cluster_5
TGOLN21;MILO_Tcells_Cluster_5
EIF5;MILO_Tcells_Cluster_5
HLA-DPA11;MILO_Tcells_Cluster_5
TACC1;MILO_Tcells_Cluster_5
LGALS91;MILO_Tcells_Cluster_5
CHSY11;MILO_Tcells_Cluster_5
SYK1;MILO_Tcells_Cluster_5
VPS13C;MILO_Tcells_Cluster_5
BIN11;MILO_Tcells_Cluster_5
HIST1H2BC;MILO_Tcells_Cluster_5
FGL21;MILO_Tcells_Cluster_5
LRP11;MILO_Tcells_Cluster_5
CTBS1;MILO_Tcells_Cluster_5
PDCD6IP;MILO_Tcells_Cluster_5
TGFBR11;MILO_Tcells_Cluster_5
ZNF3301;MILO_Tcells_Cluster_5
PLD41;MILO_Tcells_Cluster_5
AFTPH;MILO_Tcells_Cluster_5
MBD4;MILO_Tcells_Cluster_5
SH3BP2;MILO_Tcells_Cluster_5
C1orf541;MILO_Tcells_Cluster_5
NUMB1;MILO_Tcells_Cluster_5
RAC11;MILO_Tcells_Cluster_5
TSC22D21;MILO_Tcells_Cluster_5
IFI301;MILO_Tcells_Cluster_5
ZMAT1;MILO_Tcells_Cluster_5
ENTPD11;MILO_Tcells_Cluster_5
TMEM14C1;MILO_Tcells_Cluster_5
IFIT2;MILO_Tcells_Cluster_5
MARCH11;MILO_Tcells_Cluster_5
M6PR1;MILO_Tcells_Cluster_5
SAMD8;MILO_Tcells_Cluster_5
HCLS11;MILO_Tcells_Cluster_5
AHCYL11;MILO_Tcells_Cluster_5
KLHL61;MILO_Tcells_Cluster_5
TLR31;MILO_Tcells_Cluster_5
NPC21;MILO_Tcells_Cluster_5
TAOK1;MILO_Tcells_Cluster_5
YBX31;MILO_Tcells_Cluster_5
ATP6V0B1;MILO_Tcells_Cluster_5
CTDSP1;MILO_Tcells_Cluster_5
KCNQ31;MILO_Tcells_Cluster_5
GABPB1-AS1;MILO_Tcells_Cluster_5
AL031777.3;MILO_Tcells_Cluster_5
ITGAM1;MILO_Tcells_Cluster_5
NEU1;MILO_Tcells_Cluster_5
EVI2A1;MILO_Tcells_Cluster_5
THEMIS21;MILO_Tcells_Cluster_5
PTAFR1;MILO_Tcells_Cluster_5
RCC21;MILO_Tcells_Cluster_5
DELE1;MILO_Tcells_Cluster_5
PPP1R10;MILO_Tcells_Cluster_5
CCDC471;MILO_Tcells_Cluster_5
OAZ2;MILO_Tcells_Cluster_5
CYTL11;MILO_Tcells_Cluster_5
LINC017361;MILO_Tcells_Cluster_5
CD631;MILO_Tcells_Cluster_5
CACUL11;MILO_Tcells_Cluster_5
APBB1IP1;MILO_Tcells_Cluster_5
DIP2B1;MILO_Tcells_Cluster_5
ZFAND5;MILO_Tcells_Cluster_5
BNIP21;MILO_Tcells_Cluster_5
LEPROT;MILO_Tcells_Cluster_5
CMTM61;MILO_Tcells_Cluster_5
CTSS1;MILO_Tcells_Cluster_5
SPI11;MILO_Tcells_Cluster_5
SSH2;MILO_Tcells_Cluster_5
TRIM81;MILO_Tcells_Cluster_5
PRPF38B;MILO_Tcells_Cluster_5
NR4A11;MILO_Tcells_Cluster_5
SERPINF11;MILO_Tcells_Cluster_5
TAOK31;MILO_Tcells_Cluster_5
NPL1;MILO_Tcells_Cluster_5
XBP1;MILO_Tcells_Cluster_5
GLRX1;MILO_Tcells_Cluster_5
SKIL1;MILO_Tcells_Cluster_5
TLR11;MILO_Tcells_Cluster_5
MYO9B1;MILO_Tcells_Cluster_5
NSRP1;MILO_Tcells_Cluster_5
AP1B11;MILO_Tcells_Cluster_5
HNRNPU;MILO_Tcells_Cluster_5
GIT21;MILO_Tcells_Cluster_5
ADA2;MILO_Tcells_Cluster_5
NFIL31;MILO_Tcells_Cluster_5
GRINA1;MILO_Tcells_Cluster_5
ING1;MILO_Tcells_Cluster_5
MED11;MILO_Tcells_Cluster_5
GAA1;MILO_Tcells_Cluster_5
HSPD1;MILO_Tcells_Cluster_5
PCBP11;MILO_Tcells_Cluster_5
FMNL21;MILO_Tcells_Cluster_5
GNA131;MILO_Tcells_Cluster_5
EPN1;MILO_Tcells_Cluster_5
ZC3H131;MILO_Tcells_Cluster_5
LINC010941;MILO_Tcells_Cluster_5
EIF4A1;MILO_Tcells_Cluster_5
IFRD1;MILO_Tcells_Cluster_5
CAP11;MILO_Tcells_Cluster_5
FMNL31;MILO_Tcells_Cluster_5
DRAM21;MILO_Tcells_Cluster_5
BLNK1;MILO_Tcells_Cluster_5
SPECC11;MILO_Tcells_Cluster_5
OTULINL1;MILO_Tcells_Cluster_5
PTPN18;MILO_Tcells_Cluster_5
LILRB11;MILO_Tcells_Cluster_5
SGK31;MILO_Tcells_Cluster_5
FAM49B1;MILO_Tcells_Cluster_5
CCNG2;MILO_Tcells_Cluster_5
CHTOP;MILO_Tcells_Cluster_5
RASSF41;MILO_Tcells_Cluster_5
CD531;MILO_Tcells_Cluster_5
MGAT11;MILO_Tcells_Cluster_5
ATP6AP2;MILO_Tcells_Cluster_5
TMX11;MILO_Tcells_Cluster_5
DHRS71;MILO_Tcells_Cluster_5
HEXA1;MILO_Tcells_Cluster_5
MANBA1;MILO_Tcells_Cluster_5
SEC11A1;MILO_Tcells_Cluster_5
CEBPA1;MILO_Tcells_Cluster_5
PIH1D11;MILO_Tcells_Cluster_5
FOSB;MILO_Tcells_Cluster_5
MTURN1;MILO_Tcells_Cluster_5
GNG71;MILO_Tcells_Cluster_5
TNFRSF1A1;MILO_Tcells_Cluster_5
DNAJB12;MILO_Tcells_Cluster_5
SP100;MILO_Tcells_Cluster_5
Z93241.1;MILO_Tcells_Cluster_5
KDELR21;MILO_Tcells_Cluster_5
PPM1K;MILO_Tcells_Cluster_5
SYNGR21;MILO_Tcells_Cluster_5
UNC93B11;MILO_Tcells_Cluster_5
SYNDIG11;MILO_Tcells_Cluster_5
KPNB11;MILO_Tcells_Cluster_5
TAGAP;MILO_Tcells_Cluster_5
SCPEP11;MILO_Tcells_Cluster_5
AIG11;MILO_Tcells_Cluster_5
LY961;MILO_Tcells_Cluster_5
CD41;MILO_Tcells_Cluster_5
ITGB22;MILO_Tcells_Cluster_5
C1orf1621;MILO_Tcells_Cluster_5
CD164;MILO_Tcells_Cluster_5
ACTR21;MILO_Tcells_Cluster_5
PCMTD11;MILO_Tcells_Cluster_5
RHOQ1;MILO_Tcells_Cluster_5
MOB1B1;MILO_Tcells_Cluster_5
ZNF148;MILO_Tcells_Cluster_5
UBE2F1;MILO_Tcells_Cluster_5
ZNF207;MILO_Tcells_Cluster_5
RASSF21;MILO_Tcells_Cluster_5
NAGK1;MILO_Tcells_Cluster_5
GNAI3;MILO_Tcells_Cluster_5
UGCG1;MILO_Tcells_Cluster_5
ENY2;MILO_Tcells_Cluster_5
PTPN61;MILO_Tcells_Cluster_5
PDPN1;MILO_Tcells_Cluster_5
CCNH1;MILO_Tcells_Cluster_5
KLHL51;MILO_Tcells_Cluster_5
ARL6IP1;MILO_Tcells_Cluster_5
FSCN11;MILO_Tcells_Cluster_5
FKBP151;MILO_Tcells_Cluster_5
ARL5A1;MILO_Tcells_Cluster_5
SFT2D1;MILO_Tcells_Cluster_5
B4GALT1;MILO_Tcells_Cluster_5
ABCC41;MILO_Tcells_Cluster_5
ALOX5AP1;MILO_Tcells_Cluster_5
SIRPA1;MILO_Tcells_Cluster_5
ARHGAP221;MILO_Tcells_Cluster_5
APPL21;MILO_Tcells_Cluster_5
TXNIP;MILO_Tcells_Cluster_5
UBE2E21;MILO_Tcells_Cluster_5
SMAP2;MILO_Tcells_Cluster_5
RGS161;MILO_Tcells_Cluster_5
CKB1;MILO_Tcells_Cluster_5
ZMAT31;MILO_Tcells_Cluster_5
HBEGF1;MILO_Tcells_Cluster_5
TUBA1B1;MILO_Tcells_Cluster_5
GPATCH111;MILO_Tcells_Cluster_5
GPR1831;MILO_Tcells_Cluster_5
DDX5;MILO_Tcells_Cluster_5
HSPA8;MILO_Tcells_Cluster_5
CYTH31;MILO_Tcells_Cluster_5
SLC16A31;MILO_Tcells_Cluster_5
UBE2D3;MILO_Tcells_Cluster_5
DNAJA1;MILO_Tcells_Cluster_5
MS4A6A1;MILO_Tcells_Cluster_5
MCL11;MILO_Tcells_Cluster_5
HNRNPA2B1;MILO_Tcells_Cluster_5
IER2;MILO_Tcells_Cluster_5
CCNL1;MILO_Tcells_Cluster_5
BTG2;MILO_Tcells_Cluster_5